prediction,score,qid,sid,model
0.9951467820212389,1,ALGQLFHIACFTCHQCAQQLQGQQFYSLEGAPYCEGCYTDTLEK,ranknet.rmod# ,207.167
0.9951467801870467,1,THLYTLILNPDNSFEILVDQSVVNSGNLLNDMTPPVNPSR,ranknet.rmod# ,257.217
0.9951467549158853,1,NVQNINLFVVDEVHLIGGENGPVLEVICSR,ranknet.rmod# ,244.215
0.995146742611778,1,EHLLVSIPLLINHLQAESIVVHTYAAHALER,ranknet.rmod# ,228.337
0.995146738873635,1,LASLMNLGMSSSLNQQGAHSALSSASTSSHNLQSIFNIGSR,ranknet.rmod# ,203.097
0.9951467087335374,1,IQFNDLQSLLCATLQNVLR,ranknet.rmod# ,259.48
0.9951467024615602,1,MIQTPDADLDVTNIIQADEPTTLTTNALDLNSVLGK,ranknet.rmod# ,255.914
0.9951466977385152,1,FQSVPAQPGQTSPLLQYFGILLDQGQLNK,ranknet.rmod# ,257.684
0.9951466975092689,1,ISTSLNPGNPVNNQIFLQEYVANLLK,ranknet.rmod# ,254.464
0.9951466913748404,1,STFLPPLPTSVQNLAHPPEVVLTDFQTLDGSQYNPVK,ranknet.rmod# ,244.147
0.9951466802194947,1,LYNLDVFQYELYNPMALYGSVPVLLAHNPHR,ranknet.rmod# ,249.613
0.9951466703961975,1,LVLGTHTSDEQNHLVIASVQLPNDDAQFDASHYDSEK,ranknet.rmod# ,166.245
0.995146667674914,1,LEDQLQGGQLEEVILQAEHELNLAR,ranknet.rmod# ,252.955
0.9951466655458072,1,LPSGLGCSTVLSPEGSAQFAAQIFGLSNHLVWSK,ranknet.rmod# ,256.141
0.9951466648334499,1,IVFLDTQPILSPSILDHLINNDR,ranknet.rmod# ,243.873
0.9951466599758735,1,VLAAQETHEGVTEDGIEDAFEVLGEIQEIVK,ranknet.rmod# ,257.803
0.995146658097703,1,ISNPPILLVCSLHASLEIFK,ranknet.rmod# ,234.588
0.9951466507521669,1,VVNVELPIEANLVWQLGK,ranknet.rmod# ,236.132
0.9951466371424657,1,DLINEACWDISSSGVNLQSMDSSHVSLVQLTLR,ranknet.rmod# ,243.981
0.9951466247295707,1,LDINLLDNVVNCLYHGEGAQQR,ranknet.rmod# ,231.327
0.9951466222671551,1,LIQQQLVLLLHAHK,ranknet.rmod# ,153.483
0.995146619397083,1,IAMLEPLTVDLNPQYYLLVNR,ranknet.rmod# ,251.814
0.9951466170421518,1,LTLACGGVALNSFDDLSPDCLGHAGLVYEYTLGEEK,ranknet.rmod# ,234.807
0.995146614149141,1,ILNHVLQHAEPGNAQSVLEAIDTYCEQK,ranknet.rmod# ,179.285
0.9951466024836438,1,IVGCTHITAQTAVLIETLCALGAQCR,ranknet.rmod# ,226.263
0.9951466009236118,1,ALVQTEDHLLLFLQQLAGK,ranknet.rmod# ,242.2
0.9951466004290292,1,MDQADAQFHFVLNQSPNNIPALLGK,ranknet.rmod# ,206.575
0.9951465955465698,1,EIIDTNGAGDAFVGGFLSQLVSDKPLTECIR,ranknet.rmod# ,251.071
0.9951465900909706,1,LQSQMSGQQLVEQSHVVLSTLWEPHITQR,ranknet.rmod# ,201.262
0.9951465877878534,1,VVSIGVPVSELLDDPSGPAGSLTSVEFCGGTHLR,ranknet.rmod# ,224.065
0.995146573753986,1,FVNLFPEVKPTIQDVLR,ranknet.rmod# ,205.413
0.9951465707981054,1,LLAAGQLADALSQFHAAVDGDPDNYIAYYR,ranknet.rmod# ,242.49
0.9951465626474718,1,VFIMDSCDELIPEYLNFIR,ranknet.rmod# ,256.667
0.995146560709759,1,SASYKPVFVTEITDDLHFYVQDVETGTQLEK,ranknet.rmod# ,232.907
0.9951465574909432,1,GHGFITPADGGPDIFLHISDVEGEYVPVEGDEVTYK,ranknet.rmod# ,213.411
0.9951465537088131,1,STTTIGLVQALGAHLYQNVFACVR,ranknet.rmod# ,246.667
0.995146553174311,1,LEEQLENLIEFIR,ranknet.rmod# ,236.239
0.99514654515114,1,DIIHNPQALSPQFTGILQLLQSR,ranknet.rmod# ,246.582
0.9951465431468419,1,ECISVHVGQAGVQMGNACWELYCLEHGIQPDGQMPSDK,ranknet.rmod# ,198.408
0.9951465388234905,1,VLELDTLVDNLSIDPSSGDIWVGCHPNGQK,ranknet.rmod# ,233.748
0.99514653375247,1,VNPLSLVEIILHVVR,ranknet.rmod# ,258.127
0.99514653327035,1,IVNGHLQPNLVDLCASVAELDDK,ranknet.rmod# ,189.234
0.9951465199645094,1,VLDGLHNELQTIGFQIETIGK,ranknet.rmod# ,221.079
0.9951465159565241,1,CLQILAAGLFLPGSVGITDPCESGNFR,ranknet.rmod# ,260.106
0.9951465106411481,1,LNIISNLDCVNEVIGIR,ranknet.rmod# ,221.839
0.9951465075263889,1,AATAPLLEAVDNLSAFASNPEFSSIPAQISPEGR,ranknet.rmod# ,257.589
0.9951465003787963,1,IVSGEAESVEVTPENLQDFVGKPVFTVER,ranknet.rmod# ,204.561
0.9951464964704115,1,TLHGQGFSQPSLTTLTAFSAGGVLAGALCNSNPELVR,ranknet.rmod# ,228.068
0.995146496063952,1,LPDNVTFEEGALIEPLSVGIHACR,ranknet.rmod# ,204.025
0.9951464906161597,1,ALNALCDGLIDELNQALK,ranknet.rmod# ,239.562
0.9951464854516262,1,VNDVVPWVLDVILNK,ranknet.rmod# ,257.899
0.9951464810026583,1,VAEVLFDAADANAIEEVNLAYENVK,ranknet.rmod# ,236.756
0.9951464783371871,1,DQAVAVQHSVEEITDNYPQAIVYPFIISSESYSFK,ranknet.rmod# ,255.863
0.9951464783030957,1,LMQITSLHSLNAFLLPIK,ranknet.rmod# ,215.216
0.9951464512300858,1,MTEAQEDGQSTSELIGQFGVGFYSAFLVADK,ranknet.rmod# ,257.525
0.995146447238783,1,LMEPYYFVEVQAPADCVSAVYTVLAR,ranknet.rmod# ,255.863
0.9951464464590006,1,LLPPLLQIVCK,ranknet.rmod# ,206.725
0.9951464444693836,1,DHLPPPEEEPLVLMCGPPPMIQYACLPNLDHVGHPTER,ranknet.rmod# ,211.452
0.9951464427792281,1,LFATEATSDWLNANNVPATPVAWPSQEGQNPSLSSIR,ranknet.rmod# ,230.72
0.9951464421453794,1,VVLDGEEVQIDILDTAGQEDYAAIR,ranknet.rmod# ,226.369
0.9951464407776548,1,FIQVCTQLQVLTEAFR,ranknet.rmod# ,231.159
0.9951464283010403,1,VELNALMTDETISNVPILILGNK,ranknet.rmod# ,249.607
0.9951464233954322,1,AATDAQDANQCCTSCEDNAPATSYCVECSEPLCETCVEAHQR,ranknet.rmod# ,139.393
0.9951464224652701,1,AQELDALDNSHPIEVSVGHPSEVDEIFDAISYSK,ranknet.rmod# ,212.721
0.9951464101147897,1,ISIPVDISDSDMMLNIINSSITTK,ranknet.rmod# ,256.859
0.9951464051784132,1,VADEDDVDNEEAALLHEEATMTIEELLTR,ranknet.rmod# ,256.481
0.9951463971674875,1,YLDLILNDFVR,ranknet.rmod# ,224.141
0.9951463909111811,1,SQSSNDTFPTAMHIAAAIEVHEVLLPGLQK,ranknet.rmod# ,214.846
0.9951463882325392,1,QLHEAIVTLGLAEPSTNISFPLVTVHLEK,ranknet.rmod# ,212.077
0.995146388077968,1,GFGYAEFEDLDSLLSALSLNEESLGNR,ranknet.rmod# ,259.224
0.9951463834764703,1,DIEQVPQQPTYVQALFDFDPQEDGELGFR,ranknet.rmod# ,257.684
0.9951463730788795,1,SVDYPCLLRPSYVLSGSAMNVVFSEDEMK,ranknet.rmod# ,227.442
0.9951463728708183,1,YMGSHIPESPLQFYVNYPNSGSVSAYGPGLVYGVANK,ranknet.rmod# ,216.882
0.9951463681794025,1,IFCVHGGLSPSIQTLDQIR,ranknet.rmod# ,170.835
0.9951463681765673,1,IPAFLNVVDIAGLVK,ranknet.rmod# ,244.942
0.995146365912518,1,AVLMENIVYLTNSLELEHIEVK,ranknet.rmod# ,234.823
0.9951463619699843,1,SGQNNSVFTLYELTNGEDTEDEEFHGLDEATLLR,ranknet.rmod# ,228.837
0.995146361551921,1,FDGIFESLLPINGLLSGDK,ranknet.rmod# ,257.803
0.9951463594689127,1,AFADAMEVIPSTLAENAGLNPISTVTELR,ranknet.rmod# ,256.481
0.9951463550540045,1,DELILEGNDIELVSNSAALIQQATTVK,ranknet.rmod# ,256.859
0.9951463430535593,1,HPVLCQSLLPILVQHITGPVRPR,ranknet.rmod# ,181.283
0.9951463383057655,1,LSNQVSTIVSLLSTLCR,ranknet.rmod# ,253.611
0.9951463358977273,1,GFGGAMTDAAALNILALSPPAQNLLLK,ranknet.rmod# ,256.417
0.9951463330493288,1,YSPDCIIIVVSNPVDILTYVTWK,ranknet.rmod# ,259.05
0.9951463261426385,1,LQQELDDLLVDLDHQR,ranknet.rmod# ,199.094
0.9951463243467242,1,LQVGEVVTTIPTIGFNVETVTYK,ranknet.rmod# ,225.939
0.9951463215304174,1,VQALTTDISLIFAALK,ranknet.rmod# ,257.398
0.9951463140177522,1,LVLDAFALPLTNLFK,ranknet.rmod# ,258.018
0.9951462985341573,1,SLGALTGPQLLSLAQSPAGSHVLDAILTSPSVTR,ranknet.rmod# ,244.077
0.9951462962934509,1,QLIYNYPEQLFGAAGVMAIEHADFAGVER,ranknet.rmod# ,243.917
0.9951462937087244,1,VVILMELEVLK,ranknet.rmod# ,213.453
0.9951462879968471,1,VFHLLGVDTLVVTNAAGGLNPK,ranknet.rmod# ,196.164
0.9951462872282499,1,ITVLQLSALLK,ranknet.rmod# ,212.278
0.9951462829390131,1,VTDETSGCSLTCAQFHPDGLIFGTGTMDSQIK,ranknet.rmod# ,193.028
0.9951462768625456,1,EEIVQFFSGLEIVPNGITLPVDPEGK,ranknet.rmod# ,257.69
0.9951462752987098,1,ANDHQGFYLLNSIIEHMPPESVDQYR,ranknet.rmod# ,217.831
0.9951462724646417,1,LVFFEVSPVSFHQVSEVLSEEK,ranknet.rmod# ,225.828
0.9951462702543862,1,LNCQVIGASVDSHFCHLAWVNTPK,ranknet.rmod# ,166.314
0.9951462657033864,1,QLQVVPLFGDMQIELAR,ranknet.rmod# ,234.111
0.9951462589542074,1,VLPQLISTITASVQNPALR,ranknet.rmod# ,222.273
0.9951462573022308,1,LVPLLLEDGGEAPAALEAALEEK,ranknet.rmod# ,242.393
0.9951462567373421,1,LPDMLNAEIVLGNVQNAK,ranknet.rmod# ,208.658
0.9951462558234181,1,HEWVTTENGIGTVGISNFAQEALGDVVYCSLPEVGTK,ranknet.rmod# ,250.169
0.9951462555206748,1,QLTEMLPSILNQLGADSLTSLR,ranknet.rmod# ,256.819
0.995146249521969,1,ATAAVIFLHGLGDTGHGWAEAFAGIR,ranknet.rmod# ,217.138
0.9951462427173823,1,LYLEGTGINPVPVDLHEQQLSLNQHNR,ranknet.rmod# ,169.25
0.9951462347799788,1,CIALAQLLVEQNFPAIAIHR,ranknet.rmod# ,225.933
0.9951462342224796,1,LTDQLPLIIVCDR,ranknet.rmod# ,192.922
0.9951462333197135,1,IYHCNINSQGVICLDILK,ranknet.rmod# ,170.429
0.9951462312823883,1,VMQEEIFGPILPIVPVK,ranknet.rmod# ,228.787
0.9951462283849511,1,CDAIVDLIHDIQIVSTTR,ranknet.rmod# ,249.224
0.9951462151846383,1,GLLALGDYMNVQCHACIGGTNVGEDIR,ranknet.rmod# ,192.806
0.9951462050280159,1,LSEAACEDEDSASEGLGELFLDGLSTENPHGAR,ranknet.rmod# ,213.81
0.9951461998487753,1,FTLTQSEADADILFNFSHFK,ranknet.rmod# ,220.777
0.9951461993905218,1,EAVQCVQELASPSLLFIFVR,ranknet.rmod# ,257.074
0.9951461977791227,1,SPQILVPTLFNLLSR,ranknet.rmod# ,249.826
0.995146187262604,1,ILQEAQNLMALTNVDTPLK,ranknet.rmod# ,208.476
0.9951461861038124,1,AVLASMDNENMHTPDIGGQGTTSEAIQDVIR,ranknet.rmod# ,181.032
0.9951461777859852,1,LAQNILSYLDLK,ranknet.rmod# ,210.874
0.9951461745289549,1,LLVLDVDYTLFDHR,ranknet.rmod# ,209.923
0.995146172771059,1,FSPLTTNLINLLAENGR,ranknet.rmod# ,234.703
0.9951461680763432,1,LGANSLLDLVVFGR,ranknet.rmod# ,244.097
0.9951461676992429,1,EALEALVPVTIEVEVPFDLHR,ranknet.rmod# ,234.899
0.995146161443761,1,QVEHPLLSGLLYPGLQALDEEYLK,ranknet.rmod# ,234.446
0.9951461590071325,1,TETGQELECLQDHLDDLVVECR,ranknet.rmod# ,206.163
0.9951461505357314,1,SALTIQLIQNHFVDEYDPTIEDSYR,ranknet.rmod# ,208.395
0.9951461422992056,1,NNQQVPENTEELGQTKPTSNPQVVNEGGAKPELASQATEGSK,ranknet.rmod# ,117.379
0.9951461312015447,1,YDLLVSNAIQFLASVCERPHYK,ranknet.rmod# ,229.66
0.9951461179707835,1,DLKPENLLIDHQGYIQVTDFGFAK,ranknet.rmod# ,205.639
0.9951461053399893,1,VACVQVVIIPCGITNALSEEDK,ranknet.rmod# ,211.111
0.995146102366478,1,VIDVFAMPQSGTGVSVEAVDPVFQAK,ranknet.rmod# ,224.284
0.9951460943376016,1,LVIGQNGILSTPAVSCIIR,ranknet.rmod# ,199.198
0.9951460854779118,1,IDVLLQQIEELGSEGK,ranknet.rmod# ,220.126
0.9951460830638617,1,VQHQDALQISDVVMASLLR,ranknet.rmod# ,216.341
0.9951460817545955,1,VWINTSDIILVGLR,ranknet.rmod# ,222.857
0.9951460776607645,1,TSIIATISPASLNLEETLSTLEYAHR,ranknet.rmod# ,236.556
0.9951460573477285,1,ELDLSNNCLGDAGILQLVESVR,ranknet.rmod# ,255.281
0.9951460395843263,1,GLLPQILENLLSAR,ranknet.rmod# ,257.398
0.9951460365084027,1,VTLVVGASQDIIPQLK,ranknet.rmod# ,190.146
0.9951460297660087,1,QFHIIVCGLDSIIAR,ranknet.rmod# ,191.229
0.9951460256940523,1,VNPCIGGVILFHETLYQK,ranknet.rmod# ,179.178
0.9951460248486689,1,FLPLPVVQLLDR,ranknet.rmod# ,235.186
0.9951460180605692,1,LVHSLFESIMSTQESSNPNNVLK,ranknet.rmod# ,187.298
0.9951460154302205,1,VVANSEEIAFYGGHEVELALLQR,ranknet.rmod# ,204.659
0.9951460131924706,1,MLQYCLQGLFHPAR,ranknet.rmod# ,171.791
0.9951460090907661,1,TVQDLTSVVQTLLQQMQDK,ranknet.rmod# ,258.56
0.995146008413044,1,FVPYLIAGIQHGCQDIGAR,ranknet.rmod# ,171.728
0.9951459961596202,1,LIVLVPPSKPTVNIPSSATIGNR,ranknet.rmod# ,167.473
0.9951459951839112,1,QEGIATSDNFMQAFLNVLDQCPK,ranknet.rmod# ,257.872
0.9951459880949177,1,GQILTMANPIIGNGGAPDTTALDELGLSK,ranknet.rmod# ,228.497
0.9951459827328132,1,FGHLGLAINLITYDDR,ranknet.rmod# ,188.411
0.9951459758186714,1,LYGDDALDNALQTFIK,ranknet.rmod# ,237.829
0.9951459628762076,1,LSFLYLITGNLEK,ranknet.rmod# ,237.757
0.9951459518235465,1,NVGCLQEALQLATSFAQLR,ranknet.rmod# ,256.76
0.9951459395644787,1,VLDIIYQPQAIFR,ranknet.rmod# ,206.014
0.9951459361401082,1,LYAVGDNPMSDVYGANLFHQYLQK,ranknet.rmod# ,209.886
0.9951459354312644,1,ALTGHLEEVVLALLK,ranknet.rmod# ,230.955
0.9951459353423349,1,LLQQVSQIYQSIEFSR,ranknet.rmod# ,206.355
0.9951459347266288,1,AVSSAIAQLLGEVAQGNENYAGIAAR,ranknet.rmod# ,241.561
0.995145930019981,1,IHQIGPGMVQQIQSVCMECQGHGER,ranknet.rmod# ,137.441
0.9951459149986858,1,AVVEVNIPVESEVNLK,ranknet.rmod# ,172.136
0.9951458885613973,1,LMATMFQNLFPSINVHK,ranknet.rmod# ,211.708
0.9951458845278479,1,FYTEDGNWDLVGNNTPIFFIR,ranknet.rmod# ,246.772
0.9951458833579541,1,GIYETPAGTILYHAHLDIEAFTMDR,ranknet.rmod# ,222.49
0.9951458791781379,1,FVPYLIAGIQHSCQDIGAK,ranknet.rmod# ,170.754
0.995145868721461,1,NLNPEDIDQLITISGMVIR,ranknet.rmod# ,254.914
0.9951458674410987,1,LPIVNEDDELVAIIAR,ranknet.rmod# ,216.837
0.9951458599243485,1,LLGADSATVFNIQEPEEETANQEYK,ranknet.rmod# ,186.984
0.9951458592930652,1,LEEEDEDEEDGESGCTFLVGLIQK,ranknet.rmod# ,215.081
0.9951458474000083,1,LLEIPAVSHVCADLLDR,ranknet.rmod# ,190.939
0.9951458420890266,1,ITECLSELCSVQVMALK,ranknet.rmod# ,193.098
0.9951458319062396,1,LSELSNSQQSVQTLSLWLIHHR,ranknet.rmod# ,189.248
0.9951458305953342,1,DTIVLLCKPEPELNAAIPSANPAK,ranknet.rmod# ,175.397
0.9951458260988307,1,LLLLDTVTMQVTAR,ranknet.rmod# ,207.297
0.9951458193663856,1,AHQANQLYPFAISLIESVR,ranknet.rmod# ,218.402
0.9951458168082596,1,LEIYQEDQIHFMCPLAR,ranknet.rmod# ,181.928
0.9951458160722763,1,TALLDAAGVASLLTTAEVVVTEIPK,ranknet.rmod# ,259.742
0.9951458084212392,1,GAAVESIPVFGALCSSSSLHQTLEALAR,ranknet.rmod# ,226.96
0.995145804478614,1,AILQHLGLESTCDDSIIVK,ranknet.rmod# ,163.839
0.9951457853297072,1,FGQDFSTFLEAGVEMAGQAPSQEDR,ranknet.rmod# ,242.093
0.9951457848286248,1,LNAVVNDFWAEISESVDK,ranknet.rmod# ,243.677
0.9951457726979722,1,LGLQNDLFSLAR,ranknet.rmod# ,193.028
0.9951457708236068,1,KPFGAILNLVPLAESVVK,ranknet.rmod# ,223.011
0.9951457689237581,1,ELEQVCNPIISGLYQGAGGPGPGGFGAQGPK,ranknet.rmod# ,207.258
0.995145766872775,1,NLLIFENLIDLK,ranknet.rmod# ,242.861
0.9951457545820871,1,IDASELSFPFHESILK,ranknet.rmod# ,194.469
0.9951457409092015,1,EALDHMVEYVAQNTPVTWLVGPFAPGITEK,ranknet.rmod# ,256.995
0.9951457220530455,1,TISPEHVIQALESLGFGSYISEVK,ranknet.rmod# ,256.704
0.9951457192508754,1,ALLQAILQTEDMLK,ranknet.rmod# ,230.762
0.9951457152368541,1,AGAAPYVQAFDSLLAGPVAEYLK,ranknet.rmod# ,257.426
0.9951457150413816,1,TFHIFYYLLSGAGEHLK,ranknet.rmod# ,197.332
0.995145712000784,1,LLHHDDPEVLADTCWAISYLTDGPNER,ranknet.rmod# ,212.02
0.9951457077305144,1,FALVFPLMYHTWNGIR,ranknet.rmod# ,221.398
0.9951457063427963,1,LATDLLSLMPSLTSGEVAHCAK,ranknet.rmod# ,208.368
0.9951457043500809,1,ISFDEYWTLIGGITGPIAK,ranknet.rmod# ,256.895
0.9951456971695256,1,GILSGTSDLLLTFDEAEVR,ranknet.rmod# ,235.821
0.9951456943541558,1,YYGGAEVVDEIELLCQR,ranknet.rmod# ,214.574
0.9951456819030424,1,LFNESHGIFLGLQR,ranknet.rmod# ,160.466
0.9951456813018411,1,LVLEVAQHLGESTVR,ranknet.rmod# ,144.641
0.9951456790955857,1,FSEAEHWLDYFPPLAIQDLK,ranknet.rmod# ,238.033
0.9951456780944886,1,EENTIILQQLLPLR,ranknet.rmod# ,219.932
0.995145672889277,1,AGEQLAPFLPQLVPR,ranknet.rmod# ,209.026
0.995145671490982,1,QLFVLAGSAEEGVMTPELAGVIK,ranknet.rmod# ,259.109
0.9951456707956684,1,LIGFMRPENGNPQQMQQELQR,ranknet.rmod# ,149.659
0.9951456595025792,1,MQAQAMLEGSPQLNMVGLFR,ranknet.rmod# ,218.135
0.995145645644267,1,EVMPLLLAYLK,ranknet.rmod# ,230.554
0.9951456441218857,1,SINTEVVACSVDSQFTHLAWINTPR,ranknet.rmod# ,209.308
0.9951456427520441,1,GLTAVSNNAGVDNFGLGLLLR,ranknet.rmod# ,227.316
0.9951456330669403,1,MNLASSFVNGFVNAAFGQDK,ranknet.rmod# ,251.653
0.9951456323134171,1,SFDFIHLDPFGTSVNYLDSAFR,ranknet.rmod# ,255.383
0.9951456309617004,1,GTILVGGGALATVLGLSQFAHYR,ranknet.rmod# ,233.557
0.9951456267824719,1,FLTDLFAQLTDEATDEEK,ranknet.rmod# ,252.183
0.9951456183893401,1,NPTLFIFAENDVVIPLK,ranknet.rmod# ,235.821
0.9951456097776773,1,HQCTCIDGAVGCIPLCPQELSLPNLGCPNPR,ranknet.rmod# ,202.847
0.9951456065512964,1,IVEDAPPIDLQAEAQHASGEVEEPPR,ranknet.rmod# ,159.016
0.9951456051485629,1,VLPIMFPALYR,ranknet.rmod# ,214.963
0.9951455915586389,1,LLALNPDAVELFK,ranknet.rmod# ,207.243
0.9951455909703368,1,LLVEHQAISFMLAEMAMK,ranknet.rmod# ,221.351
0.9951455828810568,1,LQHTLQQVLDQR,ranknet.rmod# ,115.997
0.9951455699355733,1,DFLPFVCDDCSGIFCLEHR,ranknet.rmod# ,228.497
0.9951455680734482,1,SIDQFANLVLHQTVER,ranknet.rmod# ,196.072
0.9951455632850621,1,GDNVAVIGEIDEETDSALDLGNIR,ranknet.rmod# ,223.555
0.995145562414141,1,QLSQSLLPAIVELAEDAK,ranknet.rmod# ,245.262
0.9951455578688706,1,LWYCDLQQESSGIAGILK,ranknet.rmod# ,219.571
0.9951455497526422,1,QVASHVGLHSASIPGILALDLCPSDTNK,ranknet.rmod# ,175.99
0.9951455435351478,1,LLFSQGCNWIQQYSFGPEK,ranknet.rmod# ,216.805
0.9951455370147939,1,IPIHNEDITYDELVLMMQR,ranknet.rmod# ,204.206
0.9951455347123181,1,LGLLGLANSLAIEGR,ranknet.rmod# ,212.173
0.9951455283025209,1,NENTFLDLTVQQIEHLNK,ranknet.rmod# ,209.509
0.9951455257350119,1,LDIVFYLLR,ranknet.rmod# ,233.557
0.9951455216970854,1,QAADMILLDDNFASIVTGVEEGR,ranknet.rmod# ,256.387
0.9951455145497464,1,TLYDHVDEVTCLAFHPTEQILASGSR,ranknet.rmod# ,192.907
0.9951455133093925,1,TWWNQFSVTALQLLQANR,ranknet.rmod# ,256.995
0.9951455101659341,1,VHLDIQVGEHANNYPEIAAK,ranknet.rmod# ,130.257
0.9951455025307486,1,RPLTSCTIFLGYTSNLISSGIR,ranknet.rmod# ,201.085
0.995145478514371,1,SFVWHALDYADELPKPEQLAIR,ranknet.rmod# ,200.178
0.9951454730986184,1,AGFAALQLEYFFTAGPDEVR,ranknet.rmod# ,248.588
0.9951454649667217,1,LVSGMQHPGSAGGVYETTQHFIDIK,ranknet.rmod# ,149.54
0.9951454515273307,1,EIRPALELLEPIEQK,ranknet.rmod# ,174.725
0.9951454505671915,1,ILVPTQFVGAIIGK,ranknet.rmod# ,221.571
0.9951454500781216,1,VDLNEEETILIIR,ranknet.rmod# ,191.75
0.9951454497905161,1,GVAALTSDPAVQAIVLDTASDVLDK,ranknet.rmod# ,249.613
0.9951454428876976,1,ELEISWGLHQIVK,ranknet.rmod# ,174.106
0.9951454261942055,1,VNNASLIGLGYTQTLRPGVK,ranknet.rmod# ,151.292
0.995145424674544,1,ELLVDCYKPTEAFISGLLDK,ranknet.rmod# ,226.423
0.9951454229580371,1,QLIIEDPYYGNDSDFETVYQQCVR,ranknet.rmod# ,207.372
0.9951454191592987,1,LPVDFSNIPTYLLK,ranknet.rmod# ,222.724
0.9951454104601314,1,LIDECVSQIVLHR,ranknet.rmod# ,151.845
0.9951454100768887,1,MVNPTVFFDIAVDGEPLGR,ranknet.rmod# ,246.772
0.9951454086035081,1,GEPGAAPLSAPAFSLVFPFLK,ranknet.rmod# ,257.389
0.9951454078542201,1,IIGLDQVAGMSETALPGAFK,ranknet.rmod# ,219.577
0.9951454052987881,1,SQLDIIIHSLK,ranknet.rmod# ,165.795
0.9951454030677818,1,LNATNIELATVQPGQNFHMFTK,ranknet.rmod# ,178.27
0.9951453911286182,1,AEGSDVANAVLDGADCIMLSGETAK,ranknet.rmod# ,223.109
0.9951453895661149,1,IFYHPETTQLMILSASEATVK,ranknet.rmod# ,184.597
0.9951453888409421,1,QLGENFSGIYCSLLPLGCWSADSQR,ranknet.rmod# ,244.565
0.9951453863919543,1,LIGNMALLPIR,ranknet.rmod# ,184.125
0.9951453805185255,1,SLVWGPGLQAAVVLPVR,ranknet.rmod# ,214.626
0.9951453699322872,1,EVVDYIIFGTVIQEVK,ranknet.rmod# ,236.287
0.9951453683605683,1,SVNESLNNLFITEEDYQALR,ranknet.rmod# ,208.681
0.9951453657839832,1,LDPIQPSDVLSLLDNR,ranknet.rmod# ,237.008
0.9951453654692802,1,LPLFPEPLHVFAPR,ranknet.rmod# ,194.964
0.9951453652770962,1,LKPEGLHQLLAGFEDK,ranknet.rmod# ,159.515
0.9951453636316324,1,EIFVDFAPFLSR,ranknet.rmod# ,234.661
0.9951453617314086,1,FAVSQMSALLDSAHLLASSTQR,ranknet.rmod# ,215.776
0.9951453578606821,1,QVLNYLGECFR,ranknet.rmod# ,164.362
0.9951453401606666,1,TLQLALDLVSSR,ranknet.rmod# ,186.424
0.9951453366265416,1,LVVFPTDDISLK,ranknet.rmod# ,183.289
0.9951453200661384,1,LEVAPISDIIAIK,ranknet.rmod# ,199.754
0.9951453100055802,1,GIAYVEFVDVSSVPLAIGLTGQR,ranknet.rmod# ,247.704
0.995145307883845,1,LLLQGLMDSVEAK,ranknet.rmod# ,201.66
0.9951453048460975,1,VLQGDLVMNVYR,ranknet.rmod# ,157.391
0.9951452839107446,1,VIEEVSDMFAFIAR,ranknet.rmod# ,235.293
0.9951452810095706,1,VPLASQGLGPGSTVLLVVDK,ranknet.rmod# ,194.033
0.9951452793451483,1,NTELAVFHDETEIQNQTDLLSLSGK,ranknet.rmod# ,193.737
0.995145275356446,1,EANLQALIATGGDINAAIER,ranknet.rmod# ,210.092
0.9951452748432014,1,QDLLTAAPASEIAEGLNLHTIR,ranknet.rmod# ,198.008
0.9951452674698612,1,THISSQNSELSSAALQALGFCLYNPK,ranknet.rmod# ,203.691
0.9951452620177841,1,LLPLGATDTAVFDVR,ranknet.rmod# ,193.182
0.9951452607066473,1,LQLETEIEALK,ranknet.rmod# ,170.259
0.9951452593614426,1,LSELLPEEVEAEVK,ranknet.rmod# ,175.05
0.9951452567085947,1,LYIGLAGLATDVQTVAQR,ranknet.rmod# ,212.515
0.995145256300374,1,INPYMSSPCHIEMILTEK,ranknet.rmod# ,172.836
0.9951452562710311,1,TLEEGHDFIQEFPGSPAFAALTSIAQK,ranknet.rmod# ,227.476
0.9951452553998216,1,FDLLWLIQDRPDR,ranknet.rmod# ,223.784
0.9951452471109062,1,GETHQGIGLFPSNFVTADLTAEPEMIK,ranknet.rmod# ,212.463
0.9951452467658547,1,VLFALCSLLR,ranknet.rmod# ,212.646
0.9951452370849999,1,AIVPILLDANVSTYDK,ranknet.rmod# ,198.408
0.9951452352594228,1,LGNPIVPLNIR,ranknet.rmod# ,158.271
0.9951452311764954,1,DDYELQEVIGSGATAVVQAAYCAPK,ranknet.rmod# ,251.886
0.995145210385816,1,CQHAAEIITDLLR,ranknet.rmod# ,168.624
0.9951452023533519,1,EDLNGPFLNQLETDPSLDMK,ranknet.rmod# ,209.372
0.9951452009525983,1,SPAESCDLLGDIQTCIR,ranknet.rmod# ,183.964
0.9951451862083901,1,DSYIEVLLPLGSEPELR,ranknet.rmod# ,237.778
0.9951451661171656,1,ENSTLNCASFTAGIVEAVLTHSGFPAK,ranknet.rmod# ,254.701
0.9951451644790564,1,TVAQQHDEDGIEEEDDDDDEIDDDDTISDWNLR,ranknet.rmod# ,179.04
0.995145148643273,1,VPVVFVTNAGNILQHSK,ranknet.rmod# ,159.187
0.9951451454951573,1,LCLQHLQIFTYER,ranknet.rmod# ,168.527
0.995145144278457,1,MSQVAPSLSALIGEAVGAR,ranknet.rmod# ,226.794
0.9951451317255241,1,SLSDIQIVQVACGYYHSLALSK,ranknet.rmod# ,222.471
0.9951451304965446,1,GPLLVQDVVFTDEMAHFDR,ranknet.rmod# ,207.461
0.9951451299857506,1,DLETLPFGIALPIR,ranknet.rmod# ,250.102
0.9951451297029823,1,MLQQVPENINFPAEEEK,ranknet.rmod# ,159.637
0.9951451223914984,1,GYGLCHGSAGNAYAFLTLYNLTQDMK,ranknet.rmod# ,221.724
0.9951451167959028,1,GWEVVESDLYAMNFNPIISR,ranknet.rmod# ,247.687
0.9951451094322579,1,LLGASELPIVTPALR,ranknet.rmod# ,192.761
0.9951451085002544,1,FNDEHIPESPYLVPVIAPSDDAR,ranknet.rmod# ,182.976
0.9951450938320134,1,LAQPYVGVFLK,ranknet.rmod# ,169.29
0.9951450847599821,1,IGEHTPSALAIMENANVLAR,ranknet.rmod# ,182.292
0.9951450845327661,1,VQTLQFHPFEAQTLISGSYDK,ranknet.rmod# ,184.458
0.9951450706443887,1,SIAACHNVGLLAHDGQVNEDGQPDLGK,ranknet.rmod# ,121.405
0.9951450638606018,1,VLSECSPLMNDIFNK,ranknet.rmod# ,188.005
0.9951450637470084,1,AQTEGINISEEALNHLGEIGTK,ranknet.rmod# ,177.001
0.9951450592808261,1,LSVPATFMLVSLDEGPGPPIK,ranknet.rmod# ,233.693
0.9951450479367943,1,DDLDVTELTNEDLLDQLVK,ranknet.rmod# ,252.168
0.9951450422497566,1,LQTSSVLVSGLR,ranknet.rmod# ,134.724
0.9951450385396785,1,IFYVNYLSELSEHVK,ranknet.rmod# ,194.847
0.9951450279430022,1,IGTHNGTFHCDEALACALLR,ranknet.rmod# ,147.1
0.9951450222745617,1,QGLYELSASNFELHVAQGDHFIK,ranknet.rmod# ,179.382
0.9951449714242615,1,DIEIIHEELQLK,ranknet.rmod# ,164.323
0.9951449686660274,1,QTVADQVLVGSYCVFSNQGGLVHPK,ranknet.rmod# ,192.761
0.9951449623972642,1,FIDTSQFILNR,ranknet.rmod# ,175.307
0.9951449520909753,1,NLAVLCLGCCGLQNQDFAR,ranknet.rmod# ,190.939
0.9951449490140674,1,LEIYVVTAEGLRPVK,ranknet.rmod# ,166.93
0.995144948502214,1,EPPPEFEFIADPPSISAFDLDVVK,ranknet.rmod# ,256.141
0.9951449377495134,1,AQLAAITLIIGTFER,ranknet.rmod# ,252.827
0.9951449367034443,1,FAGYVTSIAATELEDDDDDYSSSTSLLGQK,ranknet.rmod# ,213.215
0.9951449359078799,1,LESALTELEQLR,ranknet.rmod# ,184.857
0.9951449239090643,1,HLSDHLSELVEQTLSDLEQSK,ranknet.rmod# ,231.243
0.9951449187227679,1,NLQTCMEVLEALYDGSLGDCK,ranknet.rmod# ,252.123
0.9951449159443653,1,ILQELPSVSQETLK,ranknet.rmod# ,150.222
0.9951449122815502,1,MLDLLEDFLEHEGYK,ranknet.rmod# ,238.47
0.9951449116151504,1,ADIDISGPNVDVDVPDVNIEGPDAK,ranknet.rmod# ,199.441
0.9951449054487846,1,NLVPLLLAPENLVEK,ranknet.rmod# ,219.048
0.9951449000102979,1,LQGLPIVAGTMDIR,ranknet.rmod# ,186.159
0.9951448983667236,1,ETGQEHELIESMPLLEWFANNYK,ranknet.rmod# ,256.167
0.9951448889131488,1,AQFEQLCASLLAR,ranknet.rmod# ,175.16
0.9951448865760623,1,TCLSQLLDIMK,ranknet.rmod# ,211.35
0.9951448863101431,1,VHAAVQPGSLDSESGIFACAFDQSESR,ranknet.rmod# ,178.764
0.9951448816167222,1,ILLYISQQQPVTVAR,ranknet.rmod# ,163.37
0.9951448739028815,1,LAGPQLVQMFIGDGAK,ranknet.rmod# ,216.556
0.9951448735489412,1,VFWDPSVNLFGHVGSTTASR,ranknet.rmod# ,195.845
0.9951448715942662,1,LAVVDPLFGMQPIR,ranknet.rmod# ,208.083
0.9951448687798168,1,IAPVHIDSEAISALVK,ranknet.rmod# ,169.216
0.9951448597918768,1,SSVGAPVEVTHNFQVDFVWK,ranknet.rmod# ,189.133
0.9951448338734934,1,QVTITGSAASISLAQYLINAR,ranknet.rmod# ,220.932
0.9951448293940661,1,SPIIFIGTGEHIDDFEPFK,ranknet.rmod# ,206.899
0.9951448218755466,1,VQAHAAAALINFTEDCPK,ranknet.rmod# ,141.45
0.995144818849718,1,ILGSGISSSSVLHGMVFK,ranknet.rmod# ,168.854
0.9951448130113628,1,APSIIFIDELDAIGTK,ranknet.rmod# ,224.267
0.9951448129976163,1,VLAVSLINEALDK,ranknet.rmod# ,198.55
0.995144801202428,1,AQSSQDAVSSMNLFDLGGQYLR,ranknet.rmod# ,222.401
0.9951447951426595,1,VFPGSTTEDYNLIVIER,ranknet.rmod# ,189.85
0.9951447939362521,1,TAVDSGIPLLTNFQVTK,ranknet.rmod# ,203.929
0.9951447836941495,1,EDQVIQLMNAIFSK,ranknet.rmod# ,254.451
0.9951447765874328,1,VDGETMIIMDSFALPVEGTETR,ranknet.rmod# ,238.715
0.9951447763209964,1,TEVLSEDLLQIER,ranknet.rmod# ,181.357
0.9951447728524067,1,VYAPASTLVDQPYANEGTVVVTER,ranknet.rmod# ,171.722
0.9951447725882117,1,ILFQPQTNVYDSLAK,ranknet.rmod# ,175.916
0.9951447632473914,1,EDFATFDYILCMDESNLR,ranknet.rmod# ,242.964
0.9951447606267129,1,QAAELFLDTVSTFTSYELMDYK,ranknet.rmod# ,258.018
0.995144753990404,1,ELPQLVASVIESESEILHHEK,ranknet.rmod# ,223.134
0.99514475118016,1,ASVITQVFHVPLEER,ranknet.rmod# ,171.45
0.9951447498192141,1,LPSQYNFAMNVLGR,ranknet.rmod# ,189.763
0.9951447487066795,1,MPCQLHQVIVAR,ranknet.rmod# ,102.8
0.9951447451670322,1,LHFSCSSYLITTPCYSDAFAK,ranknet.rmod# ,177.448
0.995144744061855,1,FPVAPLIPYPLITK,ranknet.rmod# ,221.433
0.9951447437479962,1,DASIVGFFDDSFSEAHSEFLK,ranknet.rmod# ,239.438
0.9951447422299655,1,NQILSQQLQQMEAEHNTLR,ranknet.rmod# ,149.321
0.9951447236694755,1,TSDTIAPWFHGILTLK,ranknet.rmod# ,205.243
0.9951447099011784,1,IPDIVLWPTCHDDVVK,ranknet.rmod# ,181.889
0.9951447023033706,1,QAAPCVLFFDELDSIAK,ranknet.rmod# ,246.039
0.9951446928370465,1,CELSSSVQTDINLPYLTMDSSGPK,ranknet.rmod# ,246.198
0.9951446562051152,1,VEPFLPGHYEVLDLKPNGK,ranknet.rmod# ,159.68
0.995144620515174,1,VIEQLLVGLK,ranknet.rmod# ,172.136
0.9951446164392066,1,GHADSVTGLSLSSEGSYLLSNAMDNTVR,ranknet.rmod# ,206.337
0.9951446121299925,1,TAPLLLSYYLIK,ranknet.rmod# ,213.692
0.9951446115075179,1,MQLSAELQSDTEEILSK,ranknet.rmod# ,199.985
0.9951446059384921,1,LSAVLEDTENWLYEDGEDQPK,ranknet.rmod# ,206.766
0.9951446021755073,1,AVMQVFTEWLR,ranknet.rmod# ,218.135
0.9951446021506863,1,LVSIVADQLEK,ranknet.rmod# ,140.155
0.9951445945519944,1,LAFSVTNNVIR,ranknet.rmod# ,148.646
0.9951445846581568,1,DIHTLAQLISAYSLVDPEK,ranknet.rmod# ,245.681
0.9951445802362772,1,HSQFIGYPITLFVEK,ranknet.rmod# ,191.794
0.9951445752283713,1,ASVDELFAEIVR,ranknet.rmod# ,220.965
0.9951445595357575,1,LSAVEAIANAISVVSSNGPGNR,ranknet.rmod# ,250.69
0.9951445534169293,1,SLTFSPDSQLLVTASDDGYIK,ranknet.rmod# ,204.444
0.9951445435999899,1,NTLFNLSNFLDK,ranknet.rmod# ,214.306
0.9951445397502557,1,LAQMFSDMVLK,ranknet.rmod# ,177.448
0.9951445356281322,1,FMTPVIQDNPSGWGPCAVPEQFR,ranknet.rmod# ,207.711
0.9951445283266732,1,VTEGLVDVILYHQPDDK,ranknet.rmod# ,177.904
0.9951445250381088,1,VDPALFPPVPLFTAVPSR,ranknet.rmod# ,239.673
0.9951445113956925,1,SFFSEIISSISDVK,ranknet.rmod# ,256.933
0.9951445112068668,1,SSQLNNPQFVWVVPALR,ranknet.rmod# ,211.332
0.9951445105020831,1,GNVQVVIPFLTESYSSSQDPPEK,ranknet.rmod# ,210.454
0.9951445035479481,1,GYDAPLCNLLLFK,ranknet.rmod# ,219.744
0.9951444978528211,1,LGLENAEALIR,ranknet.rmod# ,170.404
0.9951444849500072,1,SFANTLVDVCAYAGSGNVLK,ranknet.rmod# ,197.276
0.9951444693692436,1,FFHLAFEEEFGR,ranknet.rmod# ,182.514
0.9951444612808886,1,ATILCTSYVQFK,ranknet.rmod# ,158.17
0.9951444592116487,1,TECALLGFVTDLK,ranknet.rmod# ,211.664
0.995144450968242,1,TQIAPGSQTVLGIGPGPADLIDK,ranknet.rmod# ,192.505
0.9951444472415335,1,AIEPPPLDAVIEAEHTLR,ranknet.rmod# ,193.226
0.9951444329619104,1,DCVAVAGPLGVTHFLILSK,ranknet.rmod# ,208.681
0.9951444258123419,1,NLGIPIITVLGDSK,ranknet.rmod# ,211.009
0.9951444237792489,1,ALLQEMPLTALLR,ranknet.rmod# ,224.403
0.995144423332163,1,ADIWSLGITAIELAR,ranknet.rmod# ,256.732
0.995144404667505,1,FALGIFAINEAVESGDVGK,ranknet.rmod# ,226.353
0.9951443934097376,1,NPSIVGVLCTDSQGLNLGCR,ranknet.rmod# ,192.052
0.9951443866998468,1,GQLCDLNAELK,ranknet.rmod# ,125.152
0.9951443843280167,1,LLNCQEFAVDLEHHSYR,ranknet.rmod# ,146.457
0.9951443779176955,1,CPTQFPLILWHPYAR,ranknet.rmod# ,193.526
0.9951443763349364,1,NSAPCVIFFDEVDALCPR,ranknet.rmod# ,231.93
0.9951443658167902,1,NLVQCGDFPHLLVYGPSGAGK,ranknet.rmod# ,178.055
0.9951443625447647,1,ASGDSARPVLLQVAESAYR,ranknet.rmod# ,164.241
0.9951443613195804,1,CSAAALDVLANVYR,ranknet.rmod# ,184.016
0.9951443455016685,1,VFQGTDEQLNDLYHNHQR,ranknet.rmod# ,117.008
0.9951443451062462,1,LSGAQADLHIEDGDSIR,ranknet.rmod# ,119.008
0.9951443391422075,1,NLVTEVLGALEAK,ranknet.rmod# ,254.165
0.9951443354700128,1,MIIEDVLSPDTCVCR,ranknet.rmod# ,182.935
0.9951443279447667,1,APGFGGFGSSAVSGGSTAAMITETIIETDKPK,ranknet.rmod# ,217.466
0.9951443133877096,1,ELLYFLDSCEPEFK,ranknet.rmod# ,214.557
0.995144310541869,1,GQTQVLCTVTFDSLESGIK,ranknet.rmod# ,193.098
0.9951443037288887,1,FSSGYYDFLVEVEGDNR,ranknet.rmod# ,214.826
0.9951442787455195,1,GVAGAHGLLCLLSDHVDK,ranknet.rmod# ,156.843
0.99514427840197,1,ADIWSLGITAIELAK,ranknet.rmod# ,254.878
0.9951442642430773,1,LDGLVETPTGYIESLPR,ranknet.rmod# ,194.598
0.9951442519251177,1,LPTDASEDADQPAGDSAILLR,ranknet.rmod# ,159.765
0.9951442410195723,1,GDVTAQIALQPALK,ranknet.rmod# ,145.859
0.9951442325336463,1,TVQPVAMGPDGLPVDASSVSNNYIQTLGR,ranknet.rmod# ,205.032
0.9951441950168932,1,GNALLALSSLAVVVSR,ranknet.rmod# ,232.116
0.9951441938493758,1,LYNPENIYLSEHGGGAGNNWASGFSQGEK,ranknet.rmod# ,171.722
0.9951441846977014,1,DQLGGWFQSSLLTSVAAR,ranknet.rmod# ,234.512
0.9951441838359043,1,VLHEAEGHIVTCETNTGEVYR,ranknet.rmod# ,98.6576
0.995144174772971,1,VAMSHFEPNEYIHYDLLEK,ranknet.rmod# ,166.749
0.9951441699647995,1,NPWSMDENLMHISYEAGILENPK,ranknet.rmod# ,212.68
0.9951441668197284,1,QDVIITALDNVEAR,ranknet.rmod# ,190.012
0.9951441574749399,1,CQLEINFNTLQTK,ranknet.rmod# ,165.094
0.9951441475518846,1,GLGTDEDSLIEIICSR,ranknet.rmod# ,215.594
0.9951441422202923,1,AAALVLQTIWGYK,ranknet.rmod# ,203.589
0.9951441343635263,1,VGSESEDEDLLSELELADR,ranknet.rmod# ,137.79
0.9951441248409124,1,YDLFVGSQATDFGEALVR,ranknet.rmod# ,216.285
0.9951440995618173,1,LYPAAVDTIVAIMAEGK,ranknet.rmod# ,243.975
0.9951440955010978,1,LLGHWEEAAHDLALACK,ranknet.rmod# ,157.378
0.9951440912517793,1,VLAPQISFAPEIASEEER,ranknet.rmod# ,185.085
0.9951440899632022,1,LTIYVCQESLQLR,ranknet.rmod# ,175.904
0.9951440828111745,1,MPSHQGAEQQQQQHHVFISQVVTEK,ranknet.rmod# ,86.6426
0.9951440777417989,1,QLIFCTLAALAEER,ranknet.rmod# ,229.077
0.9951440576033201,1,TYQELLVNQNPIAQPLASR,ranknet.rmod# ,177.982
0.9951440389067898,1,DAANLLNDALAIR,ranknet.rmod# ,209.012
0.9951440369900174,1,GFGLLGSIFGK,ranknet.rmod# ,220.427
0.995144022870301,1,QQGVLALRPYLQK,ranknet.rmod# ,131.375
0.995144019500988,1,YLEQLHQLYSDSFPMELR,ranknet.rmod# ,203.084
0.9951440186026117,1,LGDVISIQPCPDVK,ranknet.rmod# ,148.646
0.995144017940351,1,TSFIQYLLEQEVPGSR,ranknet.rmod# ,240.122
0.9951440026726998,1,GIVSEEAYILFVR,ranknet.rmod# ,210.361
0.995144000673581,1,SDVYCEVCEFLVK,ranknet.rmod# ,204.156
0.9951439999306346,1,TQEIQENLLSLEETMK,ranknet.rmod# ,193.541
0.99514397758358,1,AIYHDLEQSIR,ranknet.rmod# ,113.183
0.9951439756918671,1,EQSILELGSLLAK,ranknet.rmod# ,209.923
0.995143957652292,1,FDHVPLATPNGDVLIR,ranknet.rmod# ,155.948
0.995143952170468,1,GAHLTALEMLTAFASHIR,ranknet.rmod# ,217.386
0.9951439508630745,1,IIATVLMTEDIK,ranknet.rmod# ,167.747
0.995143950480601,1,NFDLRPGVIVR,ranknet.rmod# ,132.88
0.9951439343638352,1,ALDLLYGMVSK,ranknet.rmod# ,188.097
0.9951439306043947,1,ELGGLGMLSMGHVLIPQSDLR,ranknet.rmod# ,206.481
0.9951439288262469,1,LSTIALALGVER,ranknet.rmod# ,171.042
0.9951439133624724,1,DEEVHAGLGELLR,ranknet.rmod# ,147.382
0.9951439100754317,1,EYSLFPGQVVIMEGINTTGR,ranknet.rmod# ,226.221
0.99514389944495,1,FSDSEIGGITIAHVIR,ranknet.rmod# ,163.139
0.9951438927444254,1,ALNIVDQEGSLLGK,ranknet.rmod# ,164.241
0.9951438916375258,1,IFYPEIEEVQALDDTER,ranknet.rmod# ,199.399
0.9951438738163509,1,NVPILYTASQACLQHPDVAAYK,ranknet.rmod# ,161.41
0.9951438718472629,1,AVTLHDQGTAQWADLSSQFYLR,ranknet.rmod# ,192.447
0.9951438715130125,1,ITCLCQVPQNAANR,ranknet.rmod# ,102.673
0.9951438625645191,1,AHVIVMAATNRPNSIDPALR,ranknet.rmod# ,115.224
0.9951438604055279,1,WLPLGLGLNHLGK,ranknet.rmod# ,179.37
0.9951438436413059,1,LVVLATPQVSDSMR,ranknet.rmod# ,151.17
0.9951438389979378,1,EHLGHESDNLLFVQITGK,ranknet.rmod# ,147.181
0.9951438319614683,1,VLLDNVLSEEQCR,ranknet.rmod# ,158.88
0.9951438262370447,1,DALVNAVIDSLSAYR,ranknet.rmod# ,255.044
0.9951438215786472,1,VMLLQQGLNDR,ranknet.rmod# ,134.744
0.9951438096772298,1,TVLGTPEVLLGALPGAGGTQR,ranknet.rmod# ,206.744
0.9951438053043883,1,AEDNADTLALVFEAPNQEK,ranknet.rmod# ,191.944
0.9951437810031654,1,LAALNPESNTAGLDIFAK,ranknet.rmod# ,189.715
0.9951437787291295,1,GGPPGQFHDNANGGQNGTVQEIMIPAGK,ranknet.rmod# ,134.946
0.9951437727704848,1,VPCNTVFGSQHQMDVAFLEK,ranknet.rmod# ,165.417
0.9951437693228169,1,DFIHTASISFLTPLR,ranknet.rmod# ,210.229
0.9951437689245414,1,TLNASDVLSAMEEMEFQR,ranknet.rmod# ,244.405
0.9951437403843921,1,NLIESMQINGSVLK,ranknet.rmod# ,176.515
0.9951437358844252,1,ASAFNSWFENAEEDLTDPVR,ranknet.rmod# ,236.251
0.9951437304101539,1,TLGVDLVALATR,ranknet.rmod# ,192.556
0.9951437225011835,1,NTFEVIPVNSAGSPVGDVPFIR,ranknet.rmod# ,214.648
0.9951437221358439,1,ATISLSDSDLLR,ranknet.rmod# ,159.72
0.9951437173356189,1,ILELLRPDPNTGK,ranknet.rmod# ,130.418
0.9951437072157909,1,SHTEEDCTEELFDFLHAR,ranknet.rmod# ,183.605
0.9951436968911641,1,INVLEDFEGENPQVPK,ranknet.rmod# ,178.44
0.9951436890455545,1,TSDLIVLGLPWK,ranknet.rmod# ,215.391
0.9951436790757305,1,GVNWAAFHPTMPLIVSGADDR,ranknet.rmod# ,197.759
0.9951436721405211,1,NVSDYTPLSLAASGGYVNIIK,ranknet.rmod# ,215.18
0.9951436703601623,1,YSALIEVPDGFTAVMSASTWEK,ranknet.rmod# ,239.931
0.9951436693362475,1,EQEELLAPADGTVELVR,ranknet.rmod# ,173.407
0.9951436318854004,1,SLVASLAEPDFVVTDFAK,ranknet.rmod# ,219.868
0.9951436308385486,1,LSEDSVSVLVLR,ranknet.rmod# ,167.512
0.9951436288339325,1,VGLTHTMEHEDVIQIVK,ranknet.rmod# ,126.34
0.9951436269225282,1,LESPSFTGTGDTEIAHATEDLENNGSK,ranknet.rmod# ,163.169
0.9951436212367835,1,EVLPHVPLGVIQR,ranknet.rmod# ,148.627
0.9951436137746444,1,MNQVEDEVFEEFCR,ranknet.rmod# ,195.787
0.9951436066600389,1,ELLFLSNANPSLLER,ranknet.rmod# ,205.452
0.9951436064274948,1,MYGAQEDGSVGEGDLSCILK,ranknet.rmod# ,178.727
0.9951435964825084,1,IIQHCSNYSTQELLR,ranknet.rmod# ,105.34
0.9951435841366404,1,VIFPYEAQNDDELTIK,ranknet.rmod# ,178.948
0.9951435821252501,1,LPLMECVQMTQDVQK,ranknet.rmod# ,162.034
0.9951435559409859,1,WFTDLSVLQLNR,ranknet.rmod# ,217.052
0.9951435417679357,1,DHADSNIVIMLVGNK,ranknet.rmod# ,175.689
0.995143510067821,1,LLEQTQIIGEQNAR,ranknet.rmod# ,125.531
0.9951435034590804,1,LCDEQLSSQSHYDFGLR,ranknet.rmod# ,140.74
0.9951435016732469,1,FDSNCITPGTEFMDNLAK,ranknet.rmod# ,192.072
0.9951435005676773,1,LLVHMGLLK,ranknet.rmod# ,130.752
0.995143496530513,1,VVLPTFILEPR,ranknet.rmod# ,201.242
0.9951434876706048,1,VCMDLNDTFPEYK,ranknet.rmod# ,166.056
0.9951434681663284,1,SPILLGSLAHQIYR,ranknet.rmod# ,162.589
0.9951434666039417,1,SYEAYVLNIVR,ranknet.rmod# ,183.221
0.9951434465614092,1,HSQFIGYPITLYLEK,ranknet.rmod# ,184.945
0.9951434421122775,1,VGEVTYVELLMDAEGK,ranknet.rmod# ,219.75
0.9951434344978582,1,AQDALPFFMMHLGYEK,ranknet.rmod# ,203.509
0.9951434330626079,1,SSPDLTGVVTIYEDLR,ranknet.rmod# ,218.09
0.9951434258417594,1,DMIILPEMVGSMVGVYNGK,ranknet.rmod# ,255.39
0.9951434250215219,1,QEFVDAYVDYIFNK,ranknet.rmod# ,225.354
0.995143422115799,1,QENLPDEIYHVYSFALR,ranknet.rmod# ,212.48
0.9951434157360166,1,DGQILPVPNVVVR,ranknet.rmod# ,178.44
0.9951433937134588,1,EALLGVQEDVDEYVK,ranknet.rmod# ,180.786
0.9951433476660181,1,MEVQEQEEDISSLIR,ranknet.rmod# ,175.743
0.9951433428245876,1,ALVMLLEVR,ranknet.rmod# ,179.883
0.9951433317524221,1,GLEELIDYTGGLK,ranknet.rmod# ,204.016
0.9951433291132983,1,LASDESLWQTLDLTGK,ranknet.rmod# ,210.229
0.995143291907835,1,VLAGETLSVNDPPDVLDR,ranknet.rmod# ,169.58
0.9951432790709535,1,MNNVNVVYTPWSNLK,ranknet.rmod# ,177.625
0.9951432649265101,1,VTAVIPCFPYAR,ranknet.rmod# ,170.862
0.9951432602696355,1,EEACDCLFEVVNK,ranknet.rmod# ,162.717
0.995143253521213,1,EQFWPAVCEHFGVEATGEESSIR,ranknet.rmod# ,183.471
0.9951432531644905,1,EHPFVLQSVGGQTLTVFTESSSDK,ranknet.rmod# ,187.061
0.9951432300731102,1,LVSPGSANETSSILVESVTR,ranknet.rmod# ,168.326
0.9951432292016189,1,VLATAFDTTLGGR,ranknet.rmod# ,149.572
0.9951432266671605,1,YFEEYALVNQDILENK,ranknet.rmod# ,197.332
0.995143222869326,1,VVAGDEWLFEGPGTYIPR,ranknet.rmod# ,214.951
0.995143216962495,1,AALEALGSCLNNK,ranknet.rmod# ,128.793
0.9951431953652677,1,GEIEVVTSSLPELYVEK,ranknet.rmod# ,199.408
0.9951431576559719,1,LTPFMLGALVAMYEHK,ranknet.rmod# ,231.973
0.9951431539345539,1,LIVNVNDLR,ranknet.rmod# ,142.015
0.995143147641749,1,DLLEVADVLEK,ranknet.rmod# ,210.103
0.9951431337665043,1,EINDCIGGTVLNISK,ranknet.rmod# ,159.84
0.9951431255636622,1,FFDTELENLER,ranknet.rmod# ,179.684
0.9951431175958158,1,VWGNVVTVEWADPVEEPDPEVMAK,ranknet.rmod# ,219.119
0.9951431170691369,1,VLQSPATTVVR,ranknet.rmod# ,95.0948
0.99514310232096,1,EVVHTVSLHEIDVINSR,ranknet.rmod# ,132.994
0.9951430913792294,1,EQQEAIEHIDEVQNEIDR,ranknet.rmod# ,141.766
0.9951430662846315,1,MAEIGEHVAPSEAANSLEQAQAAAER,ranknet.rmod# ,149.923
0.9951430642509826,1,DGMLDDEEFALASHLIEAK,ranknet.rmod# ,223.652
0.9951430546960144,1,IVCTPGQGLGDLR,ranknet.rmod# ,125.913
0.9951430396017799,1,VFNIYTDATPLR,ranknet.rmod# ,164.738
0.9951430280744619,1,EFEDAFPADFIAEGIDQTR,ranknet.rmod# ,236.048
0.9951430044446136,1,LVVPATQCGSLIGK,ranknet.rmod# ,135.655
0.9951430033467066,1,LNWLSVDFNNWK,ranknet.rmod# ,220.262
0.9951430006132234,1,FSHQGVQLIDFSPCER,ranknet.rmod# ,149.923
0.9951430003039877,1,ADEHVIDQGDDGDNFYVIER,ranknet.rmod# ,151.19
0.9951429873237871,1,DTVLLEFYAPWCGHCK,ranknet.rmod# ,203.929
0.9951429778016193,1,ASLLTDEEDVDMALDQR,ranknet.rmod# ,186.197
0.9951429703849664,1,STGLNAVPSQILEGQWAAR,ranknet.rmod# ,194.251
0.9951429673431702,1,LQIATLLQMK,ranknet.rmod# ,184.925
0.9951429629929657,1,HGEEVTPEDVLSAAMYPDVFAHFK,ranknet.rmod# ,221.196
0.9951429624288644,1,IIAHAQLLEQHR,ranknet.rmod# ,75.6519
0.9951429620870044,1,TILESNDVPGMLAYSLK,ranknet.rmod# ,199.334
0.9951429518304199,1,VQSCPDPAVYGVVQSGDHIGR,ranknet.rmod# ,132.221
0.9951429445135145,1,IILLKPIIK,ranknet.rmod# ,131.852
0.9951429330759693,1,GLTPSQIGVILR,ranknet.rmod# ,166.515
0.9951429299771277,1,NPGFEIIHGLLDR,ranknet.rmod# ,185.135
0.9951429166009634,1,ISTLTIEEGNLDIQRPK,ranknet.rmod# ,142.923
0.9951429122293178,1,EECLQFTANALALAMER,ranknet.rmod# ,219.048
0.9951429045750321,1,MTVDESGQLISCSMDDTVR,ranknet.rmod# ,168.589
0.9951428845742445,1,DDELYILTNVGEPTEFK,ranknet.rmod# ,218.163
0.9951428707639738,1,HIQQVDCSGNDLEQLHIK,ranknet.rmod# ,113.986
0.9951428650150577,1,ELQNTVSQLLESEGWNR,ranknet.rmod# ,210.981
0.9951428579022384,1,IEDLSQQAQLAAAEK,ranknet.rmod# ,126.112
0.9951428454550224,1,TIVEELLADSEFR,ranknet.rmod# ,225.179
0.9951428324032894,1,TQVEASEESALNHLQNPGDAAEGR,ranknet.rmod# ,132.656
0.9951428105437221,1,LGNTISSLFGGGTTPDAK,ranknet.rmod# ,172.521
0.9951428050251453,1,WTTLNSLQLHGLQLR,ranknet.rmod# ,173.004
0.9951427617473869,1,MVVESAYEVIK,ranknet.rmod# ,142.224
0.9951427609341452,1,LDYHISVQNMMR,ranknet.rmod# ,148.201
0.9951427452011385,1,IPIAEIAVNWTEIEGSK,ranknet.rmod# ,217.617
0.9951427407574056,1,SLSVLSSSTIIANPDIPEAYK,ranknet.rmod# ,193.779
0.9951427386904825,1,SLNYWCNLLGMK,ranknet.rmod# ,209.294
0.9951427379174423,1,FQDLGAAYEVLSDSEK,ranknet.rmod# ,186.266
0.9951427327527561,1,TVIVNMVDVAK,ranknet.rmod# ,141.787
0.9951427266555198,1,FGNEVIPVTVTVK,ranknet.rmod# ,155.181
0.99514272131675,1,RPTELLSNPQFIVDGATR,ranknet.rmod# ,155.506
0.9951427102786041,1,QICLVMLETLSQSPQGR,ranknet.rmod# ,202.744
0.9951427076624448,1,GQTLVVQFTVK,ranknet.rmod# ,147.593
0.9951427036063674,1,TVTIPTQPYQDIVTALK,ranknet.rmod# ,202.853
0.9951426849748172,1,EVEETDEMDQVELVDFDPNQER,ranknet.rmod# ,196.903
0.9951426400683467,1,GEQGQYLQQDANECWIQMMR,ranknet.rmod# ,194.094
0.9951426345245503,1,ISLNTLTLNVK,ranknet.rmod# ,163.461
0.9951426306106329,1,ALTLGALTLPLAR,ranknet.rmod# ,207.248
0.9951426083086395,1,LGLLDNHSSEFNVTR,ranknet.rmod# ,140.969
0.9951425887350289,1,EGSGLFPDLLVR,ranknet.rmod# ,200.871
0.9951425714639962,1,EIVEPELSIEVCEEK,ranknet.rmod# ,165.813
0.9951425378791902,1,ELCSLASDLSQPDLVYK,ranknet.rmod# ,187.535
0.9951425085533026,1,EHMGNVVEALIALTN,ranknet.rmod# ,241.048
0.9951424922876911,1,GAVGALLVYDIAK,ranknet.rmod# ,182.514
0.995142475692538,1,AAYPDLENPPLLVTPSQQAK,ranknet.rmod# ,178.754
0.9951424648304256,1,DLTDGHFENILADNSVNDQTK,ranknet.rmod# ,175.286
0.9951424434325832,1,LYCIYVAIGQK,ranknet.rmod# ,160.295
0.9951424012271332,1,YQHLITNSFVECNR,ranknet.rmod# ,117.238
0.9951423715456624,1,EQIVVDLSHPGVSEDDQVSR,ranknet.rmod# ,139.907
0.9951423715417519,1,SIDAGPVDAWTLAFSPDSQYLATGTHVGK,ranknet.rmod# ,217.874
0.995142362150311,1,VGETIIDLENR,ranknet.rmod# ,143.67
0.9951423617005447,1,IGSSLYALGTQDSTDICK,ranknet.rmod# ,153.787
0.9951423472311243,1,IIGNLLYYR,ranknet.rmod# ,159.095
0.9951423367396307,1,NCTVYCGGIASGLTDQLMR,ranknet.rmod# ,183.541
0.9951423318376754,1,AIACLLFGGSR,ranknet.rmod# ,165.896
0.9951423269789884,1,AAVMATLLFPGR,ranknet.rmod# ,186.197
0.9951423132610989,1,NLTNPNTVIILIGNK,ranknet.rmod# ,179.737
0.9951422782346658,1,LTQILSYLR,ranknet.rmod# ,166.857
0.9951422757865087,1,GEDVPLTEQTVSQVLQSAK,ranknet.rmod# ,192.41
0.9951422622458022,1,LLLQLEATK,ranknet.rmod# ,140.775
0.9951422615646558,1,GSVAGGAVYLVYDQELLGPSDK,ranknet.rmod# ,201.597
0.9951422461037615,1,ESQVSILQSLFGER,ranknet.rmod# ,223.286
0.9951422418412127,1,DEVLYVFPSDFCR,ranknet.rmod# ,209.294
0.9951422231557608,1,CDTYATEFDLEAEEYVPLPK,ranknet.rmod# ,219.302
0.9951422115807561,1,QQVASLETNDPILGFQATNER,ranknet.rmod# ,176.948
0.9951421910037858,1,ALTNLPHTDFTLCK,ranknet.rmod# ,141.805
0.9951421880441077,1,SEDALGLTITDNGAGYAFIK,ranknet.rmod# ,204.748
0.9951421697611019,1,EYQLNDSAAYYLNDLER,ranknet.rmod# ,196.659
0.99514216034917,1,GLCLYYEDCIEK,ranknet.rmod# ,157.202
0.9951421564386272,1,LGLGGNAPVSIPQQSQSVK,ranknet.rmod# ,139.228
0.995142153462912,1,AVVQVFEGTSGIDAK,ranknet.rmod# ,143.755
0.9951421499229572,1,LTGSSAQEEASGVALGEAPDHSYESLR,ranknet.rmod# ,140.161
0.9951421264165806,1,ASYVAWGHSTVVNPWGEVLAK,ranknet.rmod# ,185.196
0.9951420854483646,1,NFESLSEAFSVASAAAVLSHNR,ranknet.rmod# ,217.744
0.9951420822016862,1,SNPDQPAVILLLR,ranknet.rmod# ,186.008
0.9951420723945971,1,TVYGGGCSEMLMAHAVTQLANR,ranknet.rmod# ,173.769
0.9951420708886706,1,FCACPEEAAHALELR,ranknet.rmod# ,145.439
0.9951420627827342,1,DWAFINTNIFAR,ranknet.rmod# ,231.612
0.9951420306342732,1,ISNQVDLSNVCAQYR,ranknet.rmod# ,137.584
0.9951420202253817,1,LLASANLEEVTMK,ranknet.rmod# ,148.504
0.9951420052408617,1,IIVLGLLPR,ranknet.rmod# ,186.864
0.9951419987231078,1,LQGQAPGALEAGAAPAGR,ranknet.rmod# ,101.562
0.9951419866204262,1,DEAVGALHLIQAAK,ranknet.rmod# ,143.185
0.9951419765279361,1,HFGSVVAQTIR,ranknet.rmod# ,92.2211
0.9951419715837596,1,EIEGEEIEIVLAKPPDK,ranknet.rmod# ,162.699
0.9951419618212026,1,LLDSSTVTHLFK,ranknet.rmod# ,154.267
0.9951419553165007,1,NLLNLDVIK,ranknet.rmod# ,173.304
0.9951419493970001,1,FMQDPMEVFVDDETK,ranknet.rmod# ,206.805
0.995141924864835,1,AIVLAAIFR,ranknet.rmod# ,187.636
0.9951418866650082,1,QAACTIVEALATIPSR,ranknet.rmod# ,252.801
0.9951418567117253,1,LPLMECVQMTK,ranknet.rmod# ,149.653
0.9951418555986984,1,QVVQGLLSETYLEAHR,ranknet.rmod# ,155.68
0.9951418554777641,1,LPQFGISTPGSDLHVNAK,ranknet.rmod# ,148.349
0.9951418164103776,1,GGDDLGTEIANTLYR,ranknet.rmod# ,189.871
0.9951418078482772,1,QGNMTAALQAALK,ranknet.rmod# ,150.686
0.9951418059503644,1,FLPEFPSCSLLK,ranknet.rmod# ,191.58
0.9951417992334959,1,NPHVALYALEVMESVVK,ranknet.rmod# ,222.49
0.9951417986000948,1,SQEGRPVQVIGALIGK,ranknet.rmod# ,151.735
0.995141792401605,1,LLLPWLEAR,ranknet.rmod# ,208.97
0.9951417898785851,1,YILVTGGVISGIGK,ranknet.rmod# ,172.615
0.9951417488093734,1,EHEHVVECISWAPESSYSSISEATGSETK,ranknet.rmod# ,154.541
0.9951417422519051,1,HMDGGQIDGQEITATAVLAPWPRPPPR,ranknet.rmod# ,173.31
0.995141719329742,1,EMEPLGWIHTQPNESPQLSPQDVTTHAK,ranknet.rmod# ,163.495
0.995141717773206,1,MLSFQGLAELAHR,ranknet.rmod# ,179.883
0.9951417161477545,1,LYEMVSYCQNISK,ranknet.rmod# ,139.999
0.9951417155759673,1,QDLTTALGLVK,ranknet.rmod# ,167.49
0.9951417104337101,1,LGIGQSQEMNTLFR,ranknet.rmod# ,167.808
0.995141698576803,1,NALNIGMVEEVLQSSDETK,ranknet.rmod# ,216.306
0.9951416953996587,1,QTNNQNWGSQPIAQQPLQGGDHSGNYGYK,ranknet.rmod# ,127.558
0.9951416911756482,1,LVGSQEELASWGHEYVR,ranknet.rmod# ,150.717
0.9951416828221228,1,VIITGDAFVPGER,ranknet.rmod# ,151.312
0.9951416468088029,1,TYTDELTPIESAVSVFK,ranknet.rmod# ,222.053
0.9951416368220457,1,VLITTDLLAR,ranknet.rmod# ,163.191
0.9951416324379749,1,LVSQEEMEFIQR,ranknet.rmod# ,147.291
0.9951416309222588,1,TVLMNPNIASVQTNEVGLK,ranknet.rmod# ,165.754
0.995141619293703,1,VYATILNAGTNTDGFK,ranknet.rmod# ,153.676
0.9951415690801041,1,LVGAIVYYDGQHNDAR,ranknet.rmod# ,120.119
0.9951415673662564,1,YICTYINVQER,ranknet.rmod# ,133.209
0.9951415649196591,1,VAQIQNAGLGEFR,ranknet.rmod# ,133.063
0.995141538547638,1,IEVLQQHENEDIYK,ranknet.rmod# ,110.808
0.9951415214853968,1,LAAAVAGPGGLSGSTLVDGR,ranknet.rmod# ,148.815
0.9951415143060005,1,HTYLPLEVCNIVAGQR,ranknet.rmod# ,165.364
0.99514150076816,1,DGLAFNALIHR,ranknet.rmod# ,155.857
0.9951414975200632,1,GCALQCAILSPAFK,ranknet.rmod# ,168.589
0.9951414932345093,1,SIIGVIPYFPYSK,ranknet.rmod# ,208.827
0.9951414752340956,1,ELLESNFTLVGDDGTNK,ranknet.rmod# ,177.314
0.9951414727237073,1,SEGALELADVSNELPGLK,ranknet.rmod# ,198.187
0.9951414281879454,1,LASQGDSISSQLGPIHPPPR,ranknet.rmod# ,127.25
0.995141386559787,1,LEQPDPGAVAAAAILR,ranknet.rmod# ,181.136
0.9951413595077189,1,SPLTQEQLIPNLAMK,ranknet.rmod# ,180.236
0.9951413197331868,1,AVCVEAGMIALR,ranknet.rmod# ,154.007
0.9951413142694353,1,EQLAQAMFDHIPVGVGSK,ranknet.rmod# ,178.555
0.9951413002119373,1,LQELEANPPSDVYLSSR,ranknet.rmod# ,149.881
0.9951412903846131,1,LLDTNPEINQSDSQDSR,ranknet.rmod# ,109.817
0.9951412673055202,1,LVQTAAQQVAEDK,ranknet.rmod# ,85.3751
0.9951412366653278,1,IPISLVLR,ranknet.rmod# ,158.513
0.9951412354743303,1,IQFENNEDQDVNPLK,ranknet.rmod# ,140.334
0.9951412332760254,1,DVFHNHGIHATTIQPEFASVGSK,ranknet.rmod# ,128.287
0.9951412110132687,1,AFYGDTLVTGFAR,ranknet.rmod# ,179.214
0.9951412096288917,1,AMSQDGASQFQEVIR,ranknet.rmod# ,137.069
0.995141148233119,1,DNHSPEIQHGSLLALGFTVGR,ranknet.rmod# ,168.868
0.9951411314923885,1,TDIQIALPSGCYGR,ranknet.rmod# ,158.759
0.9951411170049956,1,LHNTIVEINNHK,ranknet.rmod# ,62.3058
0.9951411002347459,1,YCIFANFSVTGGK,ranknet.rmod# ,182.737
0.9951410977534143,1,EDAPIGPHLQSMPSEQIR,ranknet.rmod# ,131.624
0.9951410861746961,1,EYWDYEAHVPSWGNQDDYQLVR,ranknet.rmod# ,194.664
0.9951410285124442,1,SGMSHEEDQLIPNLYR,ranknet.rmod# ,148.564
0.9951410166840673,1,LDPGLIMEQVK,ranknet.rmod# ,169.38
0.9951409683185884,1,DALPELLGLEAGSR,ranknet.rmod# ,205.198
0.9951409613364787,1,SFYGSTLFLCR,ranknet.rmod# ,179.863
0.995140824733379,1,LLETLFVHR,ranknet.rmod# ,142.192
0.9951407774536608,1,LPAAGVGDMVMATVK,ranknet.rmod# ,170.286
0.9951407747423946,1,LAIQILK,ranknet.rmod# ,138.702
0.9951407695403535,1,SLLPGCQSVISR,ranknet.rmod# ,131.292
0.995140762843957,1,YLALESMCTLASSEFSHEAVK,ranknet.rmod# ,190.285
0.9951407319586161,1,EELADQVLTLK,ranknet.rmod# ,158.73
0.9951407265814165,1,YIFDAECALEK,ranknet.rmod# ,159.895
0.9951407235916421,1,IVHAFDMEDLGDK,ranknet.rmod# ,136.849
0.9951407074783745,1,DAIAALGLLQK,ranknet.rmod# ,186.911
0.9951406933300383,1,WMIQYNNLNLK,ranknet.rmod# ,174.85
0.9951406807555957,1,DAVSTGLTGAVNVAR,ranknet.rmod# ,141.492
0.9951406585235335,1,VICCTEDMLEK,ranknet.rmod# ,112.773
0.9951406484772856,1,NAEDVQHQILATESSNQEYVR,ranknet.rmod# ,140.155
0.9951406472278345,1,EAATLEVERPLPMEVEK,ranknet.rmod# ,139.008
0.9951406373256794,1,LATGSDDNCAAFFEGPPFK,ranknet.rmod# ,187.245
0.9951406344155497,1,EVNEVIQNPATITR,ranknet.rmod# ,126.34
0.9951406327515541,1,SIYSLILGQDNAADQSR,ranknet.rmod# ,196.364
0.9951406211396302,1,GPNGASAGVAAQHSQCFAAWYGHCPGLK,ranknet.rmod# ,134.879
0.9951406198228431,1,VAVLLLAGGQGTR,ranknet.rmod# ,144.142
0.9951405737114786,1,VGIQLPEVELSVSTK,ranknet.rmod# ,187.355
0.9951405507036224,1,LLDLSVFR,ranknet.rmod# ,186.284
0.9951405300352886,1,QVIFSAEQTYELMR,ranknet.rmod# ,183.471
0.995140512097059,1,VSGFTFSHHPGQYNLCATSSDDGTVK,ranknet.rmod# ,126.201
0.9951405120967836,1,NIYVLQELDNPGAK,ranknet.rmod# ,170.198
0.9951404756196335,1,AFDQGADAIYDHINEGK,ranknet.rmod# ,142.432
0.9951404716571272,1,GISDPLTVFEQTEAAAR,ranknet.rmod# ,208.612
0.9951404610760717,1,LLAAVEAFYSPPSHDRPR,ranknet.rmod# ,140.885
0.9951404494881415,1,AAGCDFTNVVK,ranknet.rmod# ,107.592
0.995140449365082,1,FGPYYTEPVIAGLDPK,ranknet.rmod# ,188.411
0.9951404475915376,1,ACLDTAVENMPSLK,ranknet.rmod# ,152.633
0.9951404203776764,1,GEPETFLPLDYLEVKPTDEK,ranknet.rmod# ,202.069
0.9951404070274322,1,GLNDLQPWPNQMAIACGSR,ranknet.rmod# ,187.22
0.9951404064494412,1,TITGFQTHTTPVLLAHGER,ranknet.rmod# ,117.034
0.9951403862518058,1,AGAKPDQIGIITPYEGQR,ranknet.rmod# ,126.201
0.9951403459226968,1,SVVSQSVCDYFFEAQEK,ranknet.rmod# ,190.817
0.9951403434041626,1,TNVLGHLQQGGAPTPFDR,ranknet.rmod# ,136.985
0.9951403327219316,1,HPELFEALGIAQPK,ranknet.rmod# ,162.947
0.9951403064970341,1,LLNFPTIVER,ranknet.rmod# ,175.773
0.9951402625980683,1,LSFFFDFR,ranknet.rmod# ,221.006
0.9951402458019656,1,IAVYSCPFDGMITETK,ranknet.rmod# ,178.754
0.9951402272717866,1,GVGIISEGNETVEDIAAR,ranknet.rmod# ,165.007
0.9951402209487873,1,QVGYENAGTVEFLVDR,ranknet.rmod# ,174.225
0.9951401828797444,1,VNTHGIFTISTASMVEK,ranknet.rmod# ,146.026
0.9951401819698403,1,TPPLLENSLPQCYQR,ranknet.rmod# ,153.901
0.9951401784788715,1,DEDPYCVACFGELFAPK,ranknet.rmod# ,234.086
0.9951401761068567,1,EWSGLLEELAR,ranknet.rmod# ,206.822
0.995140172225169,1,ANEDAVPLCMSADFPR,ranknet.rmod# ,172.621
0.9951401663370382,1,ALLEVVQSGGK,ranknet.rmod# ,119.297
0.995140160794422,1,TKPSPSQFMPLVVDYR,ranknet.rmod# ,164.306
0.9951401502320292,1,TAAENEFVVLK,ranknet.rmod# ,133.342
0.9951401197462658,1,NYPATVHGALLSGLR,ranknet.rmod# ,131.829
0.9951401097938978,1,MSVDAVEIETLR,ranknet.rmod# ,160.597
0.9951401063151397,1,CAEGYALYAQALTDQQQFGK,ranknet.rmod# ,187.967
0.9951400830666789,1,ETLVYLTHLDYVDTER,ranknet.rmod# ,172.758
0.9951400203875874,1,DPDDHTVCHLLFANQTEK,ranknet.rmod# ,137.975
0.9951400201966121,1,IFDIDEAEEGVK,ranknet.rmod# ,153.685
0.9951400033982399,1,TNHIGHTGYLNTVTVSPDGSLCASGGK,ranknet.rmod# ,120.865
0.9951399978416101,1,GDILVVATGQPEMVK,ranknet.rmod# ,155.56
0.9951399934085271,1,DSLLQDGEFSMDLR,ranknet.rmod# ,204.754
0.9951399440618905,1,HFSVEGQLEFR,ranknet.rmod# ,130.131
0.9951399415843986,1,QNVAYEYLCHLEEAK,ranknet.rmod# ,169.086
0.9951399404430944,1,DMEDPTPVPNIEEVVLPK,ranknet.rmod# ,213.501
0.9951399212185786,1,VDVGGSEPASLSYLSFEGATK,ranknet.rmod# ,186.782
0.9951399193717687,1,FTQSALDCMSVEVGR,ranknet.rmod# ,154.575
0.9951399079061976,1,ATISNDGATILK,ranknet.rmod# ,104.638
0.9951398709400885,1,YLEGTGSVAGVVLLPEGHK,ranknet.rmod# ,158.091
0.9951398694027407,1,SAIDLTPIVVEDK,ranknet.rmod# ,166.262
0.9951398656820922,1,NPLLITEEDAFK,ranknet.rmod# ,169.006
0.9951398423343479,1,QAVSMFLGAVEEAK,ranknet.rmod# ,178.049
0.9951398409551022,1,ELSAVTFPDIIR,ranknet.rmod# ,192.907
0.9951397652156422,1,EWTDGLFTHVLR,ranknet.rmod# ,182.391
0.9951397542248708,1,DAAGIAMEAIAFAR,ranknet.rmod# ,222.067
0.9951397541070585,1,LLILALER,ranknet.rmod# ,169.109
0.9951397535248443,1,CIAVGESDGSIWNPDGIDPK,ranknet.rmod# ,235.537
0.9951397415575882,1,DDPSKPVHLTAFLGYK,ranknet.rmod# ,147.851
0.9951397410730086,1,NVGSAGVTVVIVR,ranknet.rmod# ,128.266
0.9951397377158853,1,QQEMMAALTDAIQDK,ranknet.rmod# ,184.053
0.9951397112276813,1,ELISNASDALEK,ranknet.rmod# ,120.394
0.9951397089789317,1,HSTGIDIGDSLTIPDEFTEDEK,ranknet.rmod# ,188.535
0.9951396712316823,1,LPGQDESTAGTSEQNDILK,ranknet.rmod# ,122.761
0.9951396611724646,1,NGTQVHGTITGVDVSMNTHLK,ranknet.rmod# ,112.003
0.995139649825966,1,NVQGIIEILK,ranknet.rmod# ,173.542
0.9951395980139177,1,AGYPQYVSEILEK,ranknet.rmod# ,177.631
0.9951395940806498,1,TIEVLQLQDQGSK,ranknet.rmod# ,137.28
0.9951395909016999,1,LSEFDVEMSMR,ranknet.rmod# ,160.652
0.9951395763295442,1,HLLPTSGAAATAAAAAAAAAAVTAASTSYYGR,ranknet.rmod# ,228.068
0.9951395741942684,1,HLASDAIINENYDYLK,ranknet.rmod# ,149.464
0.995139566174976,1,SGVLDESTIATILR,ranknet.rmod# ,202.069
0.9951395507049863,1,VLYPNDNFFEGK,ranknet.rmod# ,161.822
0.9951395503526894,1,YSEVFEAINITNNEK,ranknet.rmod# ,168.624
0.9951395186879278,1,GTQLLSSGSDGLVK,ranknet.rmod# ,123.686
0.9951394956116577,1,NNALNQVVLWDK,ranknet.rmod# ,163.289
0.9951394666219266,1,QELEEICHDLEAR,ranknet.rmod# ,139.07
0.9951394597770431,1,ELSIHFVPGSCR,ranknet.rmod# ,126.855
0.995139427946887,1,GLAVFISDIR,ranknet.rmod# ,177.962
0.9951394257130122,1,QTFSPFGQIMEIR,ranknet.rmod# ,201.079
0.9951393754043953,1,GSTTATFAAVVLYVENER,ranknet.rmod# ,226.476
0.9951393325355639,1,FLPNSGDSTLAMCAR,ranknet.rmod# ,136.985
0.9951393301544418,1,AIELFSVGQGPAK,ranknet.rmod# ,154.342
0.9951392839978312,1,EGSTAQLIINTEK,ranknet.rmod# ,116.823
0.995139277630497,1,IYISLLK,ranknet.rmod# ,150.06
0.9951392417528216,1,IELFCTEYQNNK,ranknet.rmod# ,143.986
0.9951391851033446,1,SGLGELILPENEPGSSIMPGK,ranknet.rmod# ,196.364
0.9951391619485873,1,VFEVNASNLEK,ranknet.rmod# ,123.483
0.9951391572632126,1,NVALLSQLYHSPAR,ranknet.rmod# ,143.875
0.9951391440458462,1,VGIQQGLLSQSTR,ranknet.rmod# ,122.821
0.9951391431859422,1,VMTVNYNTHGELGEGAR,ranknet.rmod# ,103.159
0.9951390620062406,1,VGITLFTVSHR,ranknet.rmod# ,136.241
0.995139058926929,1,TAVVVGTITDDVR,ranknet.rmod# ,132.35
0.9951390413503147,1,TVVSGSCAAHSLLITTEGK,ranknet.rmod# ,124.916
0.9951389969931848,1,TPFGAYGGLLK,ranknet.rmod# ,160.565
0.9951389453600885,1,DSTFLSTLEHHLSR,ranknet.rmod# ,169.638
0.9951389178948631,1,LVSGYDSYGNICGQK,ranknet.rmod# ,121.79
0.9951388407133911,1,EIISFGSGYGGNSLLGK,ranknet.rmod# ,182.627
0.995138838725533,1,CTYLVLDEADR,ranknet.rmod# ,141.661
0.9951388055229241,1,VPPPWLIAMQR,ranknet.rmod# ,187.814
0.9951388048131768,1,SPAPPLLHVAALGQK,ranknet.rmod# ,133.751
0.9951387966498293,1,VVDSMEDEVQR,ranknet.rmod# ,91.2934
0.9951387848381811,1,ALVDGPCTQVR,ranknet.rmod# ,95.1163
0.9951387695933482,1,NLATTVTEEILEK,ranknet.rmod# ,194.853
0.9951387544710626,1,YVLVAGITPTPLGEGK,ranknet.rmod# ,172.836
0.9951387527987927,1,TVIGCSGFHGDCLTLTK,ranknet.rmod# ,131.871
0.9951387458794358,1,TAIHTAAMDMLGGPGIESQCR,ranknet.rmod# ,147.746
0.9951386663688999,1,SHFEQWGTLTDCVVMR,ranknet.rmod# ,164.104
0.9951386645239532,1,SHSVFQLQISGEHSSR,ranknet.rmod# ,99.415
0.9951386565813213,1,LCYYIGATDDAATK,ranknet.rmod# ,131.754
0.9951386096984683,1,NDGAAILAAVSSIAQK,ranknet.rmod# ,202.432
0.9951385975060139,1,AMADPEVQQIMSDPAMR,ranknet.rmod# ,169.201
0.9951385964866443,1,VHSPSGALEECYVTEIDQDK,ranknet.rmod# ,140.493
0.9951385947765297,1,GDVTITNDGATILK,ranknet.rmod# ,133.342
0.9951385622364302,1,SDYDMVDYLNELR,ranknet.rmod# ,212.963
0.9951385358776321,1,EETVVENATPDYAAGLVSTQK,ranknet.rmod# ,158.376
0.9951385026826486,1,SLLVNPEGPTLMR,ranknet.rmod# ,159.01
0.9951384637305596,1,AYGVCFVDTSLGK,ranknet.rmod# ,160.289
0.995138445854159,1,SDGAEGQGQGQLLIK,ranknet.rmod# ,104.09
0.9951383733565871,1,STLQTMESDIYTEVR,ranknet.rmod# ,182.328
0.9951383196572826,1,LQIWDTAGQESFR,ranknet.rmod# ,165.498
0.9951383152007021,1,AFDFLSEETEASLASR,ranknet.rmod# ,194.215
0.9951382961342334,1,GTSYQSPHGIPIDLLDR,ranknet.rmod# ,158.822
0.9951382755066278,1,DIHFMPCSGLTGANIK,ranknet.rmod# ,157.586
0.9951382391608752,1,LNEFLELER,ranknet.rmod# ,155.526
0.9951382187766873,1,IDGVFAACQSGSFDK,ranknet.rmod# ,139.836
0.9951382175421422,1,TSYGWIEIVGCADR,ranknet.rmod# ,191.96
0.9951382125269583,1,LSVLLLEK,ranknet.rmod# ,153.002
0.9951382034237194,1,NLGMTDAFELGK,ranknet.rmod# ,165.007
0.9951381871548908,1,FVINYDYPNSSEDYVHR,ranknet.rmod# ,150.945
0.9951381540034324,1,WNPTAGVAFEYDPDNALR,ranknet.rmod# ,194.598
0.9951381377681434,1,IYTSPTWSAFVTDSSWSAR,ranknet.rmod# ,209.943
0.9951381327379045,1,SMAASGNLGHTPFVDEL,ranknet.rmod# ,174.544
0.9951381024734508,1,ALELNMLSLK,ranknet.rmod# ,179.364
0.995138094927246,1,LPAVVTADLR,ranknet.rmod# ,134.704
0.9951380629095231,1,ITDSAGHILYSK,ranknet.rmod# ,84.7009
0.9951380372294099,1,TTYQALPCLPSMYGYPNR,ranknet.rmod# ,188.062
0.9951380325403929,1,EALNVFGNDYDTEDGTGVR,ranknet.rmod# ,167.322
0.9951380215747974,1,AEEYEFLTPVEEAPK,ranknet.rmod# ,170.522
0.9951379969687217,1,EEEEFNTGPLSVLTQSVK,ranknet.rmod# ,205.096
0.9951379707039969,1,VPLEVQEADEAK,ranknet.rmod# ,99.415
0.9951379374472317,1,LNIRPLLR,ranknet.rmod# ,111.658
0.9951379312552096,1,EVDYEAGDIPTEWEAWIR,ranknet.rmod# ,237.928
0.9951379236545297,1,HIDCAAIYGNEPEIGEALK,ranknet.rmod# ,150.345
0.995137910238395,1,QLSQATAAATNHTTDNGVGPEEESVDPNQYYK,ranknet.rmod# ,131.286
0.9951378866064833,1,ALEYTIYNQELNETR,ranknet.rmod# ,154.218
0.9951378588222138,1,DELGEQVLGLK,ranknet.rmod# ,163.898
0.9951378402302292,1,EQAGEAEGAQAVTQLMVDR,ranknet.rmod# ,167.897
0.9951377964902319,1,SLEEGEGPIAVIMTPTR,ranknet.rmod# ,185.245
0.9951377818256467,1,EVGDVIALSDITSSGAADR,ranknet.rmod# ,180.899
0.9951377744361805,1,GGAAVDPDSGLEHSAHVLEK,ranknet.rmod# ,106.422
0.9951377685207522,1,RPFGVSLLYIGWDK,ranknet.rmod# ,196.178
0.9951377525976142,1,GYAFIEFASFEDAK,ranknet.rmod# ,208.556
0.9951377434246422,1,YVNLEEADNQTLDSYR,ranknet.rmod# ,148.963
0.9951377136676449,1,NFILDQTNVSAAAQR,ranknet.rmod# ,146.521
0.9951376927530952,1,MDIDAPDVEVQGPDWHLK,ranknet.rmod# ,174.906
0.9951376696809736,1,LNLEHIATSSAVSK,ranknet.rmod# ,112.111
0.9951376298268976,1,TFVPQFQEAAFANGK,ranknet.rmod# ,167.132
0.9951375853625952,1,NILDFPQHVSPSK,ranknet.rmod# ,132.135
0.995137572238804,1,AQDIQCGLQSR,ranknet.rmod# ,77.9119
0.9951375668078097,1,DIVQFVPFR,ranknet.rmod# ,195.633
0.9951375600952356,1,NGMTLLMMGSADALPEEPSAK,ranknet.rmod# ,199.158
0.9951375442234197,1,EAPATQASSTTQLTDTQVLAAENK,ranknet.rmod# ,135.457
0.9951375435876872,1,AVCCLSVVK,ranknet.rmod# ,93.2992
0.9951375435108227,1,EFVLPFLR,ranknet.rmod# ,212.278
0.9951375288415871,1,IAPQYYDMSNFPQCEAK,ranknet.rmod# ,155.354
0.9951374627909204,1,FLMANGQLVK,ranknet.rmod# ,130.839
0.9951374512191977,1,NVIIWGNHSSTQYPDVNHAK,ranknet.rmod# ,115.078
0.9951374339491658,1,LFPPDDSPLPVSSR,ranknet.rmod# ,155.126
0.9951374330345159,1,YSHLQPGDHLTDITLK,ranknet.rmod# ,119.264
0.9951374251028766,1,ITLVSSGSGTMGAAK,ranknet.rmod# ,105.73
0.9951373572740997,1,LDNVPHTPSSYIETLPK,ranknet.rmod# ,142.353
0.9951373526290853,1,IAAENELNQSYK,ranknet.rmod# ,95.3124
0.9951373500610541,1,EHPYLFSQCQAIHCR,ranknet.rmod# ,102.619
0.9951373229659175,1,TVVLPPIVASR,ranknet.rmod# ,150.345
0.9951373130665625,1,TLTGTAALTVQSQEDNLR,ranknet.rmod# ,142.14
0.9951372925882095,1,AFTHTAQYDEAISDYFR,ranknet.rmod# ,165.567
0.995137290185245,1,TVSLLDENNVSSYLSK,ranknet.rmod# ,178.754
0.9951372673946136,1,GEEPAVTEETLCVGLAR,ranknet.rmod# ,158.236
0.9951372644471896,1,WLPSLVLAR,ranknet.rmod# ,184.01
0.995137180855285,1,GDGLVDVMWEYK,ranknet.rmod# ,195.426
0.995137151889334,1,FDPYEHEALFHTPVEGK,ranknet.rmod# ,136.259
0.9951371451149776,1,TLAQAMLNNAQPDQYEAPDK,ranknet.rmod# ,155.325
0.9951370997192582,1,AVAWCPWQSNVLATGGGTSDR,ranknet.rmod# ,187.033
0.9951370919765523,1,ALEMCPSCFQK,ranknet.rmod# ,123.891
0.9951370844406526,1,EAQSFISAAIEPESGK,ranknet.rmod# ,155.16
0.9951370576427324,1,VTTAAAAAATSQDPEQHLTELR,ranknet.rmod# ,127.091
0.9951370331601754,1,VPTTLAEYCIK,ranknet.rmod# ,134.27
0.9951370178338955,1,LTAVCMECFR,ranknet.rmod# ,137.292
0.995136946147119,1,LVEHFCAEFK,ranknet.rmod# ,110.889
0.9951368777930928,1,GVGDGTVSWGLEDDEDMTLTR,ranknet.rmod# ,197.296
0.9951368734988932,1,VAWVSHDSTVCLADADK,ranknet.rmod# ,126.072
0.9951368618863179,1,DIDDDLEGEVTEECGK,ranknet.rmod# ,160.22
0.9951368554645345,1,VDLVLLGK,ranknet.rmod# ,151.529
0.9951368406786906,1,LNINPEDGMADYSDPSYVK,ranknet.rmod# ,166.33
0.9951367942274416,1,HINMDGTINVDDFK,ranknet.rmod# ,144.322
0.9951366884380083,1,AWTQVLLGQAEDK,ranknet.rmod# ,167.917
0.9951366814637486,1,AALSEMVEYITHNR,ranknet.rmod# ,184.428
0.9951366673576767,1,DVDYVCISDNYWLGK,ranknet.rmod# ,208.931
0.9951366626803816,1,TVTLGGDVFDPHGTLSGGAR,ranknet.rmod# ,151.306
0.9951366276666002,1,ASSTSPVEISEWLDQK,ranknet.rmod# ,185.542
0.9951366272458521,1,EVMILITGAHK,ranknet.rmod# ,118.387
0.9951365369172526,1,LEESAVTVMFDK,ranknet.rmod# ,159.68
0.9951365119559237,1,NLLHSLQSSGIGSK,ranknet.rmod# ,118.008
0.9951365098204958,1,NITGTDDQVQQAMNSLK,ranknet.rmod# ,159.428
0.9951364753453084,1,DATNVAAAFEEAVR,ranknet.rmod# ,193.283
0.9951364476522501,1,DVIELTDDSFDK,ranknet.rmod# ,169.304
0.995136423866986,1,LLYTFPGWK,ranknet.rmod# ,185.004
0.9951363894146272,1,DAVLLLFANK,ranknet.rmod# ,198.77
0.9951363387863479,1,YLDEDTIYHLQPSGR,ranknet.rmod# ,142.015
0.9951363253346597,1,NATNVEQSFMTMAAEIK,ranknet.rmod# ,210.092
0.9951362898588901,1,SLFPENLQADK,ranknet.rmod# ,141.45
0.9951362841213146,1,GSSCFECTHYQSFLEYR,ranknet.rmod# ,152.511
0.9951362050593734,1,IPAHQVLYSTSGENASGK,ranknet.rmod# ,82.0417
0.9951361271108614,1,DPNCVGTVLASRPHTLDGR,ranknet.rmod# ,120.256
0.995136075879539,1,DANLYISGLPR,ranknet.rmod# ,160.306
0.9951360582449829,1,SCSLVLEHQPDNIK,ranknet.rmod# ,98.3434
0.995136040246772,1,LFDQAFGLPR,ranknet.rmod# ,175.599
0.995135987815441,1,EDLHDMLASLGK,ranknet.rmod# ,181.145
0.9951359123449174,1,WVTFLLK,ranknet.rmod# ,180.584
0.9951358207522827,1,DDSIEGIYDTLK,ranknet.rmod# ,192.072
0.9951357759860907,1,HITTLQASFLTK,ranknet.rmod# ,122.55
0.9951357262540707,1,LNLIAELESR,ranknet.rmod# ,184.627
0.9951356922989987,1,AISEPNFSVAYANMCR,ranknet.rmod# ,166.661
0.995135644254865,1,ITLFLEEDK,ranknet.rmod# ,157.48
0.9951355096140483,1,ADSLLAVVK,ranknet.rmod# ,131.792
0.9951355089094919,1,ESGVDIAAGNMLVK,ranknet.rmod# ,149.302
0.9951355020156608,1,LGTLSPAFSTR,ranknet.rmod# ,124.82
0.9951354575789213,1,MMLMSTATAFYR,ranknet.rmod# ,176.157
0.9951354212144524,1,IPLLVVGNK,ranknet.rmod# ,138.318
0.9951353848179955,1,INLVLSR,ranknet.rmod# ,116.148
0.9951353813489912,1,HIEVQVAQETR,ranknet.rmod# ,70.6197
0.9951353528283623,1,TDDCHPWVLPVVK,ranknet.rmod# ,152.29
0.995135345446192,1,GPSGCVESLEVTCR,ranknet.rmod# ,113.918
0.9951353441260969,1,NNIAYGLQSCEDDK,ranknet.rmod# ,108.509
0.9951353407893239,1,HGGSLGLGLAAMGTAR,ranknet.rmod# ,127.017
0.995135338629459,1,VNGRPLEMIEPR,ranknet.rmod# ,110.259
0.9951352747953915,1,DPYSGSTISLFQAMQK,ranknet.rmod# ,200.482
0.9951352114163357,1,AAAPAPEEEMDECEQALAAEPK,ranknet.rmod# ,156.607
0.9951351812506555,1,VDIDAPDVSIEGPDAK,ranknet.rmod# ,151.056
0.995135145665437,1,EAATQAQQTLGSTIDK,ranknet.rmod# ,109.031
0.9951351309858183,1,WLCNDQIDAGTR,ranknet.rmod# ,122.89
0.9951350815050649,1,AQETEAAPSQAPADEPEPESAAAQSQENQDTRPK,ranknet.rmod# ,94.9654
0.9951350585264089,1,NPDQVYLVDYGLAYR,ranknet.rmod# ,186.921
0.9951350533801717,1,LSPEELLLR,ranknet.rmod# ,173.278
0.9951350197614504,1,EYTDVYPEIIER,ranknet.rmod# ,161.428
0.9951350180680535,1,ENDENCGPTTTVFVGNISEK,ranknet.rmod# ,146.588
0.9951349894135095,1,RPWITGDESIVGLMK,ranknet.rmod# ,173.388
0.9951349432151957,1,HGDGTTLDIMLK,ranknet.rmod# ,125.177
0.9951349375971299,1,SSPPVQFSLLHSK,ranknet.rmod# ,126.445
0.9951349198503808,1,MVSSYVGENAEFER,ranknet.rmod# ,127.285
0.9951348813785369,1,ANALLIR,ranknet.rmod# ,92.2902
0.995134858365655,1,LQVCGSDGATYR,ranknet.rmod# ,87.9864
0.9951347839369805,1,NLVMNTGPYYFVK,ranknet.rmod# ,174.248
0.9951346399858112,1,TKPSDEEMLFIYGHYK,ranknet.rmod# ,143.98
0.9951345394175904,1,LEDTENWLYEDGEDQPK,ranknet.rmod# ,161.419
0.9951345174124132,1,EVDDLGPEVGDIK,ranknet.rmod# ,137.913
0.9951344984713987,1,LNVGAPDVTLR,ranknet.rmod# ,133.342
0.9951344461086967,1,TTITTTTTSSSGLGSPMIVGSPR,ranknet.rmod# ,148.16
0.99513435004473,1,TGTSCALDCGAGIGR,ranknet.rmod# ,99.2286
0.9951342801082699,1,EGSGNPTPLINPLAGR,ranknet.rmod# ,154.11
0.9951342597153671,1,NNLNPVWRPFK,ranknet.rmod# ,131.024
0.9951342582279156,1,GFLNSSELSGLPAGPDR,ranknet.rmod# ,173.566
0.9951342518956259,1,EIGWTDVGGWTGQGGSILGTK,ranknet.rmod# ,208.556
0.9951342498691955,1,LLATEQEDAAVAK,ranknet.rmod# ,92.8186
0.9951342151941457,1,TQIDHYVGIAR,ranknet.rmod# ,99.2772
0.995134141605832,1,NLAMGVNLTSMSK,ranknet.rmod# ,149.932
0.9951341391304904,1,KPLPDHVSIVEPK,ranknet.rmod# ,90.3871
0.9951341351578493,1,TGSQYDIQDAIDK,ranknet.rmod# ,127.972
0.9951341336198676,1,VHVTQEDFEMAVAK,ranknet.rmod# ,124.298
0.9951341130965238,1,LQTNIEALK,ranknet.rmod# ,106.527
0.995134072233315,1,FEELCSDLFR,ranknet.rmod# ,176.911
0.9951340611298664,1,SPYQEFTDHLVK,ranknet.rmod# ,138.353
0.9951340393260093,1,LEDLIVK,ranknet.rmod# ,109.61
0.995134017278168,1,QRPYVVTFCGVNGVGK,ranknet.rmod# ,129.011
0.9951339906137125,1,NHTLALTETGSVFAFGENK,ranknet.rmod# ,162.997
0.9951339711884882,1,VGDDPAVWQLK,ranknet.rmod# ,145.239
0.9951339251337011,1,HSLPSGLGLSETQITSHGFDNTK,ranknet.rmod# ,138.23
0.995133896797798,1,ATSIDPNTYITWIDK,ranknet.rmod# ,199.794
0.9951338512194938,1,GVCHIPMAEPFCPK,ranknet.rmod# ,128.528
0.9951338340414909,1,EPLTQAVGLSTQAEGTR,ranknet.rmod# ,136.373
0.9951337864105417,1,AFIITGQTYTR,ranknet.rmod# ,131.466
0.9951336706048761,1,AQGPAASAEEPKPVEAPAANSDQTVTVK,ranknet.rmod# ,102.988
0.9951335266616933,1,SDGIYIINLK,ranknet.rmod# ,164.437
0.995133516178493,1,SETHGSLEEAMLTVVK,ranknet.rmod# ,158.422
0.9951334640718342,1,NVLVSEDNVAK,ranknet.rmod# ,89.7005
0.9951334181338605,1,EMVLEIIR,ranknet.rmod# ,161.782
0.995133365162726,1,SNILLLGPTGSGK,ranknet.rmod# ,141.902
0.9951333544569035,1,YAIAVNDLGTEYVHR,ranknet.rmod# ,144.341
0.9951332693749416,1,DALLLWCQMK,ranknet.rmod# ,196.444
0.9951332641998872,1,HWILPQDYDHAQAEAR,ranknet.rmod# ,118.584
0.9951332338759505,1,GEGLVGDGPVDMR,ranknet.rmod# ,126.745
0.995133096450982,1,LLEIVER,ranknet.rmod# ,120.508
0.9951330403297407,1,FVTETLEDGSR,ranknet.rmod# ,108.692
0.995133030081764,1,TACGFCFVEYYSR,ranknet.rmod# ,177.559
0.9951330078229889,1,SVAWAPSGNLLATCSR,ranknet.rmod# ,162.806
0.9951327287101207,1,AADAEAEVASLNR,ranknet.rmod# ,96.5384
0.9951326981836578,1,SFDDPIVQTER,ranknet.rmod# ,125.371
0.9951326650495116,1,SIIECVDDFR,ranknet.rmod# ,158.495
0.9951326360731724,1,QLVTNACLIK,ranknet.rmod# ,114.935
0.9951326345739162,1,LFTPDVIR,ranknet.rmod# ,138.561
0.9951325820282116,1,IAVEPVNPSELPK,ranknet.rmod# ,138.561
0.9951325498079864,1,AEASIQAGAGDGEWEESEVK,ranknet.rmod# ,130.418
0.9951325436625436,1,TALINSTGEEVAMR,ranknet.rmod# ,123.761
0.9951325309194167,1,TDLDLDGYVSGQEVK,ranknet.rmod# ,158.277
0.9951324346130279,1,ATEPVIAFYEK,ranknet.rmod# ,145.673
0.9951324129450414,1,TEIIILATR,ranknet.rmod# ,142.171
0.9951323406892383,1,GGGDVLEPVSSDSLSTK,ranknet.rmod# ,131.269
0.9951322911888582,1,GSLDPESIFEMMETGK,ranknet.rmod# ,241.879
0.9951321937494423,1,QVQHEESTEGEADHSGYAGELGFR,ranknet.rmod# ,109.031
0.9951320548016598,1,WSFDDVPMTPLR,ranknet.rmod# ,201.66
0.9951319908935533,1,LHISPSNMTNQNTPEYMEK,ranknet.rmod# ,119.983
0.9951319685686344,1,QADYVPSDQDLLR,ranknet.rmod# ,144.542
0.995131910000611,1,VLSIGDGIAR,ranknet.rmod# ,123.122
0.9951318389417688,1,HGYIGEFEIIDDHR,ranknet.rmod# ,135.895
0.9951318249645973,1,NETLGGTCLNVGCIPSK,ranknet.rmod# ,144.631
0.9951318145051311,1,GEDLTEEEDGGIIR,ranknet.rmod# ,128.787
0.9951317519085062,1,DGEAVWFGCDVGK,ranknet.rmod# ,173.714
0.9951317343736662,1,LAQHITYVHQHSR,ranknet.rmod# ,44.8241
0.9951317307263847,1,SSPEPVALTESETEYVIR,ranknet.rmod# ,170.587
0.9951316704059254,1,SAGFHPSGSVLAVGTVTGR,ranknet.rmod# ,129.2
0.9951315348314053,1,GALLSVGWSTGR,ranknet.rmod# ,156.557
0.995131428660081,1,VDIDTPDIDIHGPEGK,ranknet.rmod# ,141.482
0.9951313944676274,1,AQTYELQESNVQLK,ranknet.rmod# ,123.128
0.995131336732556,1,QAGQETLSVLK,ranknet.rmod# ,109.175
0.9951313037832055,1,SGQVYSFGCNDEGALGR,ranknet.rmod# ,136.893
0.995131197616932,1,NLIAFSEDGSDPYVR,ranknet.rmod# ,167.829
0.9951311633784587,1,GAGAFGYFEVTHDITK,ranknet.rmod# ,159.035
0.9951310695543462,1,VLANPGNSQVAR,ranknet.rmod# ,68.2411
0.9951310239935033,1,FWDLSTETPHFTCK,ranknet.rmod# ,164.472
0.9951309949099211,1,LGLSTLGELK,ranknet.rmod# ,152.078
0.9951309083446085,1,NNYENYIDIVK,ranknet.rmod# ,156.996
0.9951307300601533,1,SEDLLDYGPFR,ranknet.rmod# ,186.494
0.995130725942372,1,TYFYQLWYDQDYAR,ranknet.rmod# ,211.134
0.9951307087180125,1,NVVMVNQGLTK,ranknet.rmod# ,100.328
0.9951307056783926,1,AEAETLPSLSITK,ranknet.rmod# ,143.468
0.9951306821397136,1,DIIALNPLYR,ranknet.rmod# ,186.663
0.9951306352411246,1,SGTGIAAMSVMRPEQIMK,ranknet.rmod# ,150.663
0.9951306179930964,1,WLLLNDPEDTSSGSK,ranknet.rmod# ,174.211
0.9951306115251669,1,EAEAMALLAEAER,ranknet.rmod# ,177.631
0.9951305975682528,1,LFGFQPLASR,ranknet.rmod# ,173.843
0.9951304276496269,1,NTPSPFIETFTEDDEASR,ranknet.rmod# ,176.411
0.9951303582603623,1,LLIGTLYHR,ranknet.rmod# ,122.556
0.9951303090307096,1,NQHIPQYCGSCWAHASTSAMADR,ranknet.rmod# ,117.388
0.9951302795690711,1,NYILDQTNVYGSAQR,ranknet.rmod# ,141.935
0.995130273411875,1,IFGTDSQYNAYNEK,ranknet.rmod# ,122.567
0.9951300806309681,1,SSGPTSLFAVTVAPPGAR,ranknet.rmod# ,176.294
0.9951299092458202,1,WAFSCGTWLPSR,ranknet.rmod# ,190.836
0.9951298469869866,1,GGYDGYRPSFSNTPNSGYTQSQFSAPR,ranknet.rmod# ,143.054
0.9951297503805647,1,QLIVANAGDSR,ranknet.rmod# ,83.4753
0.9951297380772697,1,SGGMERPFVLAR,ranknet.rmod# ,109.099
0.9951296085906999,1,DLRPGDTVTITCSSYR,ranknet.rmod# ,125.025
0.995129582609545,1,LEAAYLDLQR,ranknet.rmod# ,140.74
0.9951295650680938,1,HLDACETMGNATAICSDK,ranknet.rmod# ,107.007
0.9951293948417468,1,VPNGGGGGGGLPISTVR,ranknet.rmod# ,114.603
0.9951291668713939,1,CVVVGDGAVGK,ranknet.rmod# ,77.9806
0.9951290350743214,1,IDDPTDSKPEDWDKPEHIPDPDAK,ranknet.rmod# ,123.739
0.9951290005178315,1,YGMNPHQTPAQLYTLQPK,ranknet.rmod# ,132.296
0.9951288053780585,1,MDELQLFR,ranknet.rmod# ,165.795
0.9951287641211102,1,MQGQEAVLAMSSR,ranknet.rmod# ,119.622
0.9951287381317033,1,SPDSDVAATLK,ranknet.rmod# ,93.1431
0.9951287151193833,1,STMVGTPYWMAPEVVTR,ranknet.rmod# ,190.553
0.9951286105130899,1,YQQLFEDIR,ranknet.rmod# ,145.321
0.9951286060844916,1,EPTSSEQGGLEGSGSAAGEGKPALSEEER,ranknet.rmod# ,96.952
0.9951285809187387,1,AFQNTATACAPVSHYR,ranknet.rmod# ,88.8577
0.9951285261477608,1,TEFDQEIDMGSLNPGK,ranknet.rmod# ,168.073
0.9951284704611427,1,DFCTEWPAALDSDEK,ranknet.rmod# ,189.589
0.9951284620201437,1,FYGPEGPYGVFAGR,ranknet.rmod# ,171.667
0.995128443714803,1,FVPAEMGTHTVSVK,ranknet.rmod# ,103.698
0.9951283906559633,1,TVTQLVAEDGSR,ranknet.rmod# ,97.1586
0.9951283773992541,1,SYEEDMEIAEGCFR,ranknet.rmod# ,175.79
0.9951283412874191,1,YVDSEGHLYTVPIR,ranknet.rmod# ,123.339
0.9951283232260218,1,TLVEDLFADK,ranknet.rmod# ,183.471
0.9951282972136234,1,SYCAEIAHNVSSK,ranknet.rmod# ,83.0857
0.9951282622898909,1,LQSEVAELK,ranknet.rmod# ,87.836
0.9951282498839021,1,AVACSGAAQVR,ranknet.rmod# ,51.0372
0.9951282004956271,1,FAQPGSFEYEYAMR,ranknet.rmod# ,160.864
0.9951280810976235,1,TDASSASSFLDSDELER,ranknet.rmod# ,161.169
0.9951279448850106,1,MGGMEGPFGGGMENMGR,ranknet.rmod# ,161.557
0.9951277726658964,1,DTSEYIIQAYK,ranknet.rmod# ,148.03
0.9951277424891581,1,TECYGYALGDATR,ranknet.rmod# ,121.641
0.9951275544229643,1,LFQECCPHSTDR,ranknet.rmod# ,70.0583
0.9951275365916423,1,NPTFLDYVRPR,ranknet.rmod# ,148.298
0.9951273397149603,1,LFGPYVWGR,ranknet.rmod# ,174.993
0.9951272598750809,1,LWDLTTGTTTR,ranknet.rmod# ,144.77
0.9951272483750503,1,NVLGHMQQGGAPSPFDR,ranknet.rmod# ,122.98
0.9951271659458727,1,YYGESLPFGDNSFK,ranknet.rmod# ,172.615
0.9951268461204824,1,AVGIWHCGSCMK,ranknet.rmod# ,92.7617
0.9951267955273716,1,VTQSNFAVGYK,ranknet.rmod# ,100.328
0.9951267768890867,1,NYSNLLAFCR,ranknet.rmod# ,159.515
0.9951267203520203,1,DLEEDHACIPIK,ranknet.rmod# ,114.935
0.9951266880577598,1,NSSQFFQSYVER,ranknet.rmod# ,145.239
0.9951265971207902,1,YGQLGLGTDCK,ranknet.rmod# ,102.201
0.9951265472620321,1,GTHTGVWVGVSGSETSEALSR,ranknet.rmod# ,126.576
0.9951264347982701,1,DELMPLESAYR,ranknet.rmod# ,163.839
0.9951263959720303,1,WALSQSNPSALR,ranknet.rmod# ,130.263
0.9951259462807157,1,AGAISASGPELQGAGHSK,ranknet.rmod# ,75.3347
0.9951259405540499,1,STPLSQPSANGVQTEGLDYDR,ranknet.rmod# ,136.445
0.995125869077015,1,STSLETQDDDNIR,ranknet.rmod# ,82.7532
0.9951257722948363,1,NPQAVLDVLK,ranknet.rmod# ,147.587
0.9951257472125737,1,FRPLNESEVNR,ranknet.rmod# ,79.6107
0.9951255931115215,1,GLLTYTSWEDALSR,ranknet.rmod# ,206.067
0.9951254725337353,1,TVENVTVFGTASASK,ranknet.rmod# ,123.122
0.9951253821972621,1,NEPEVEAEQPLCSSQSQCK,ranknet.rmod# ,104.776
0.9951253234875524,1,NGVGTSSSMGSGVSDDVFSSSR,ranknet.rmod# ,138.121
0.995125322983927,1,ELHINLIPNK,ranknet.rmod# ,127.692
0.995125289110147,1,GILLYGPPGTGK,ranknet.rmod# ,141.007
0.9951251530710457,1,INVYYNEATGGK,ranknet.rmod# ,105.157
0.9951251132558647,1,LVQAFQYTDK,ranknet.rmod# ,115.224
0.9951251103127874,1,GGAAPEGPNEAEVTSGKPEQEVPDAEEEK,ranknet.rmod# ,109.391
0.9951251097963864,1,NALDLLLPK,ranknet.rmod# ,184.842
0.9951251085043432,1,HCHAAAATYILEAGK,ranknet.rmod# ,87.8903
0.9951250806230566,1,SSGLNLCTGTGSK,ranknet.rmod# ,85.1968
0.9951247844494256,1,QQPLFVSGGDDYK,ranknet.rmod# ,124.72
0.9951246875505545,1,LLTSGYLQR,ranknet.rmod# ,114.795
0.9951246750492514,1,IQELQASQEAR,ranknet.rmod# ,72.85
0.9951246458441799,1,ALYESELADAR,ranknet.rmod# ,119.583
0.9951245429061725,1,EILETLIK,ranknet.rmod# ,153.257
0.9951244998816997,1,VATAYRPPALR,ranknet.rmod# ,87.4977
0.9951243980376778,1,GAEPETGSAVSAAQCQVGPTR,ranknet.rmod# ,104.026
0.9951243941543998,1,VQISPDSGGLPER,ranknet.rmod# ,109.763
0.9951243568263771,1,NQGDEEGTEIDTLQFR,ranknet.rmod# ,151.735
0.9951243549894172,1,GDAHECFVSPVAK,ranknet.rmod# ,85.2326
0.995124174826013,1,ALQDMSSTAPPAPQPSTR,ranknet.rmod# ,109.859
0.9951241627732809,1,AGSVATCQAVMR,ranknet.rmod# ,76.9991
0.9951241070570769,1,EVIAGPLLR,ranknet.rmod# ,132.403
0.995124016555095,1,ELYLEDSPLELK,ranknet.rmod# ,182.685
0.9951239995252152,1,ELSPLFLR,ranknet.rmod# ,162.806
0.9951239010618501,1,FGTTAVPTYQVGR,ranknet.rmod# ,126.799
0.9951238206261579,1,SQGDMQDLNGNNQSVTR,ranknet.rmod# ,87.4317
0.9951237426028919,1,EAIQLIAR,ranknet.rmod# ,113.183
0.9951236923285769,1,LVNSQGQLR,ranknet.rmod# ,59.6325
0.9951236462413151,1,YVPGSSGSSNTLPTADPFTGAGR,ranknet.rmod# ,156.096
0.9951236039358443,1,NIEEHASADVEK,ranknet.rmod# ,58.4429
0.9951235126699323,1,GQEADLEAGGEEVPEANGSAGK,ranknet.rmod# ,111.165
0.9951230566619435,1,DIIGVAETGSGK,ranknet.rmod# ,118.654
0.9951229516021464,1,IQFDEGYDNYPGQEK,ranknet.rmod# ,137.975
0.995122755297757,1,YEDAVQFIR,ranknet.rmod# ,137.189
0.9951225382625972,1,ASSDLSIASSEEDK,ranknet.rmod# ,91.9623
0.9951225052795517,1,YNQMDSTEDAQEEFGWK,ranknet.rmod# ,159.84
0.9951223637368322,1,EWISQATAIWTAR,ranknet.rmod# ,196.549
0.9951223413580194,1,TYDATTHFETTCDDIK,ranknet.rmod# ,109.931
0.9951223403832168,1,TTAQVLIR,ranknet.rmod# ,83.1214
0.9951221479379417,1,TEYEEAQDAIVK,ranknet.rmod# ,110.406
0.9951221421943641,1,LFSFYDYASK,ranknet.rmod# ,175.633
0.995122119312042,1,DAMPSDANLNSINK,ranknet.rmod# ,121.183
0.9951220381727316,1,EVDEQMLAIQSK,ranknet.rmod# ,127.469
0.9951219931755925,1,VDDFLANEAK,ranknet.rmod# ,115.332
0.9951219839291726,1,IALYETPTGWK,ranknet.rmod# ,151.184
0.9951219785720375,1,EDQSILCTGESGAGK,ranknet.rmod# ,100.583
0.995121926670096,1,NVASGGGGVGDGVQEPTTGNWR,ranknet.rmod# ,123.912
0.9951218336611727,1,NATILELR,ranknet.rmod# ,122.69
0.9951217444740313,1,LNFSHGTHEYHAETIK,ranknet.rmod# ,73.7551
0.99512160308078,1,DGLIPLEIR,ranknet.rmod# ,184.076
0.9951214758031247,1,ILNPEEIEK,ranknet.rmod# ,111.186
0.9951214410925152,1,YTQVLWSGSEDQR,ranknet.rmod# ,129.148
0.995121349425821,1,DDIIENAPTTHTEEYSGEEK,ranknet.rmod# ,112.039
0.9951213384281983,1,HLVGVCYTEDEAK,ranknet.rmod# ,87.9429
0.9951212424682102,1,WMDEAQALDTADR,ranknet.rmod# ,144.955
0.9951212156822851,1,FEHCNFNDVTTR,ranknet.rmod# ,89.475
0.9951211930599208,1,VESEQQYFEIEK,ranknet.rmod# ,133.149
0.9951211162698259,1,IAVISGVGTR,ranknet.rmod# ,103.219
0.9951210498195892,1,THPVEIFYTPEPER,ranknet.rmod# ,127.664
0.9951208573321703,1,FNDILGR,ranknet.rmod# ,112.782
0.9951208463999981,1,QITAQAWDGTTDYQVEETSR,ranknet.rmod# ,149.464
0.9951206827504675,1,YLAEVACGDDR,ranknet.rmod# ,94.4825
0.9951203684366916,1,DQDELNPYAAWR,ranknet.rmod# ,169.58
0.995120096106044,1,HLDSSSNERPDISSIQR,ranknet.rmod# ,84.0035
0.9951200429113222,1,AGNVIFR,ranknet.rmod# ,85.1548
0.9951200263990774,1,IGYSSPQTLADQSSK,ranknet.rmod# ,108.003
0.9951198272077686,1,DYEAGQLYGLEK,ranknet.rmod# ,147.815
0.9951196464871687,1,DELADEIANSSGK,ranknet.rmod# ,127.931
0.9951192606476504,1,NSDDTVTWDEYNIQMYDR,ranknet.rmod# ,187.73
0.9951189187782772,1,FPEILQK,ranknet.rmod# ,124.916
0.9951188051485023,1,VEDALNLK,ranknet.rmod# ,93.7033
0.9951186284330786,1,AGNFYVPAEPK,ranknet.rmod# ,116.37
0.9951182346987271,1,FGGLAAGEDNGQR,ranknet.rmod# ,86.8485
0.9951182153240091,1,ATGTSSGANSEESTAAEFCR,ranknet.rmod# ,99.2224
0.995118022247172,1,TLPNASTVDNIR,ranknet.rmod# ,112.378
0.9951180083798717,1,NNTALQSVSLR,ranknet.rmod# ,105.465
0.9951178827993998,1,MDSTANEVEAVK,ranknet.rmod# ,85.0246
0.9951176803377513,1,QDWGPITSISFR,ranknet.rmod# ,190.375
0.9951175862282311,1,FAQHGTFEYEYSQR,ranknet.rmod# ,104.782
0.9951172435334278,1,IDKPILK,ranknet.rmod# ,58.4891
0.9951171089048146,1,TQPTVINNLK,ranknet.rmod# ,92.3765
0.9951170705531223,1,SPYTVTVGQACNPSACR,ranknet.rmod# ,111.978
0.9951169007949141,1,LTQIQESQVTSHNK,ranknet.rmod# ,66.1096
0.9951166681257979,1,SSSGLLEWESK,ranknet.rmod# ,139.209
0.9951166461255386,1,VDNDENEHQLSLR,ranknet.rmod# ,78.6746
0.995116284799244,1,QDLPNAMAISEMTDK,ranknet.rmod# ,163.769
0.9951159649902469,1,NSAAEIPVTSNGEVDDSR,ranknet.rmod# ,109.025
0.9951158990282164,1,GYAFNHSADFETVR,ranknet.rmod# ,118.856
0.995115763858931,1,VWDPDNPLTDR,ranknet.rmod# ,147.279
0.9951156506511311,1,SYSYVCGISSK,ranknet.rmod# ,105.885
0.9951151781770275,1,SCWVCFATDEDDR,ranknet.rmod# ,159.817
0.9951151096901735,1,LYQTDPSGTYHAWK,ranknet.rmod# ,109.175
0.995115031642575,1,SSVPASDDAYPEIEK,ranknet.rmod# ,113.891
0.9951148800755153,1,IDYIAGLDSR,ranknet.rmod# ,142.936
0.9951146126935675,1,VLNTNIDGR,ranknet.rmod# ,79.8853
0.9951143656735307,1,ECSAGLDSNEMSLQEK,ranknet.rmod# ,116.4
0.9951143297617344,1,GLGATTHPTAAVK,ranknet.rmod# ,58.2404
0.9951141662740197,1,TTPSVVAFTADGER,ranknet.rmod# ,131.355
0.9951139112955238,1,EMFGLYGQTTGK,ranknet.rmod# ,143.604
0.9951138492896281,1,NIVEAAAVR,ranknet.rmod# ,87.4622
0.9951127730634995,1,VDPEDTNLNQDSAK,ranknet.rmod# ,82.9366
0.9951127493631614,1,DIDAFWLQR,ranknet.rmod# ,201.482
0.9951125507343705,1,AMLSANIR,ranknet.rmod# ,92.1336
0.9951124948952628,1,ETCVVVYTGYGNR,ranknet.rmod# ,121.89
0.9951123360583235,1,TDEAFFDSENDPEK,ranknet.rmod# ,129.841
0.9951123184013968,1,ECELDPCCEGSTCK,ranknet.rmod# ,88.1202
0.9951121798181043,1,QLSLPQQEAQK,ranknet.rmod# ,90.4094
0.9951119147018374,1,IETIEVMEDR,ranknet.rmod# ,129.96
0.9951115330449638,1,ATQPETTEEVTDLK,ranknet.rmod# ,101.426
0.995111433132776,1,THYSNIEANESEEVR,ranknet.rmod# ,77.3491
0.9951114266104414,1,NAEVTGTMSQDTEVDMK,ranknet.rmod# ,113.647
0.995111327379593,1,SCGSSTPDEFPTDIPGTK,ranknet.rmod# ,141.787
0.9951113104881543,1,GHAGSVDSIAVDGSGTK,ranknet.rmod# ,72.472
0.9951112333182321,1,SAVEAQNEVTENPK,ranknet.rmod# ,70.403
0.9951112045259672,1,SADGSAPAGEGEGVTLQR,ranknet.rmod# ,94.5632
0.9951110725795029,1,INISEGNCPER,ranknet.rmod# ,79.9494
0.9951109584771473,1,QLFDQVVK,ranknet.rmod# ,125.573
0.9951106008890535,1,GMTSLQCDCTEK,ranknet.rmod# ,77.5752
0.9951105658229688,1,DGIISDIFDK,ranknet.rmod# ,201.591
0.9951104885075839,1,EELTWLQSLR,ranknet.rmod# ,188.217
0.9951101377460866,1,EMNDAAMFYTNR,ranknet.rmod# ,138.367
0.9951100684772247,1,TGNQHFGYLYGR,ranknet.rmod# ,99.2833
0.9951097148628452,1,EHGVGGVSQCPEPGLR,ranknet.rmod# ,82.747
0.9951095365215454,1,FYGPQGTPYEGGVWK,ranknet.rmod# ,154.891
0.9951094696410241,1,MQQYDLQGQPYGTR,ranknet.rmod# ,116.584
0.9951094072748721,1,TPLGGIHISQTK,ranknet.rmod# ,89.8136
0.9951093303497174,1,VLGMDPLPSK,ranknet.rmod# ,133.052
0.9951090632619912,1,DENSVELTMAEGPYK,ranknet.rmod# ,156.0
0.9951087550755546,1,EASPNPEDGIVR,ranknet.rmod# ,93.1746
0.9951087184733137,1,GHFECPPYNSSTIR,ranknet.rmod# ,95.3468
0.9951086121409902,1,LDGAHAPELTK,ranknet.rmod# ,72.9918
0.9951084947748445,1,ESEDKPEIEDVGSDEEEEK,ranknet.rmod# ,94.9292
0.9951084331924755,1,QAAAAAAAAAATAAWTGTTFTK,ranknet.rmod# ,191.693
0.9951081822270375,1,DIQEESTFSSR,ranknet.rmod# ,99.092
0.9951081506556337,1,EGVVGPELHHK,ranknet.rmod# ,50.8698
0.9951081060990898,1,GANDFMCDEMER,ranknet.rmod# ,132.571
0.9951077336023263,1,VEGEFPTEEVTCK,ranknet.rmod# ,117.51
0.9951077069046101,1,HVGDLGNVTADK,ranknet.rmod# ,70.808
0.9951076575922989,1,AIADYLR,ranknet.rmod# ,120.95
0.9951075250604902,1,FYALDPSFPR,ranknet.rmod# ,169.25
0.995107455597954,1,FGTEELFK,ranknet.rmod# ,140.032
0.9951071490933664,1,QELLCAFWK,ranknet.rmod# ,186.106
0.9951070789083027,1,ISQLEMAR,ranknet.rmod# ,86.3917
0.995107073935355,1,NITLDDASAPR,ranknet.rmod# ,102.673
0.9951069318077519,1,HITTISDETSEQVTR,ranknet.rmod# ,85.939
0.9951066450894102,1,MLEQLDMR,ranknet.rmod# ,125.599
0.9951064696817836,1,AQQLAEVEVK,ranknet.rmod# ,88.656
0.9951060657071257,1,DLMACAQTGSGK,ranknet.rmod# ,91.0925
0.9951060024242805,1,LEEAALR,ranknet.rmod# ,68.9239
0.9951058147585715,1,VTILGHVQR,ranknet.rmod# ,77.0492
0.9951056580456038,1,YDECLAVYR,ranknet.rmod# ,118.991
0.9951054519322656,1,QLFLQTYAR,ranknet.rmod# ,138.923
0.9951052209961743,1,NQENGPVCSLR,ranknet.rmod# ,75.5434
0.9951047680488512,1,RPISADSAIMNPASK,ranknet.rmod# ,92.1435
0.9951046862028106,1,ELPELLQR,ranknet.rmod# ,139.121
0.9951041453970795,1,TATEEWGTEDWNEDLSETK,ranknet.rmod# ,170.674
0.9951036278399531,1,ELEDATETADAMNR,ranknet.rmod# ,109.214
0.9951034506936449,1,MTGSEFDFEEMK,ranknet.rmod# ,157.595
0.9951034353963897,1,KPTSALDEPVSHWRPR,ranknet.rmod# ,90.1796
0.9951031753091483,1,TASTNNIAQAR,ranknet.rmod# ,51.1481
0.9951027521508571,1,EHNGQVTGIDWAPESNR,ranknet.rmod# ,117.436
0.9951018385939139,1,QLHQSCQTDDGEDDLK,ranknet.rmod# ,61.535
0.9951018086148411,1,ASANMDLMR,ranknet.rmod# ,95.6877
0.9951014187235044,1,MAFTCSFCK,ranknet.rmod# ,124.412
0.9951011598483535,1,HQYYNQEWTLWDR,ranknet.rmod# ,157.249
0.9951011345951313,1,HLSSCAAPAPLTSAER,ranknet.rmod# ,83.6169
0.9951011212656127,1,GEVAQMAAYYEHR,ranknet.rmod# ,120.489
0.9951008552042674,1,ENPLLPEEEEQR,ranknet.rmod# ,117.907
0.99510055497567,1,DMNHTNSYGIIR,ranknet.rmod# ,98.8112
0.995099321972289,1,CSASCCEDSQASMK,ranknet.rmod# ,52.3988
0.9950991628040656,1,EEEEVGFDWSDR,ranknet.rmod# ,156.446
0.9950990712019361,1,VTHELQAMK,ranknet.rmod# ,52.683
0.9950988070134319,1,LYPESQGSDTAWR,ranknet.rmod# ,117.549
0.9950982841245001,1,ITSVAWSPHHDGR,ranknet.rmod# ,71.6715
0.9950976515852182,1,GNDIIAAAK,ranknet.rmod# ,73.0566
0.9950973991915008,1,TSQLGDSPFYPGK,ranknet.rmod# ,131.926
0.9950970821563601,1,VYEDWDCFK,ranknet.rmod# ,150.362
0.9950970119770217,1,WSLLQQQK,ranknet.rmod# ,125.967
0.9950966420383303,1,LATALQK,ranknet.rmod# ,55.6747
0.9950961434199419,1,AYTPPEDLQSR,ranknet.rmod# ,94.3997
0.9950959517210244,1,HIHITQATETTTTR,ranknet.rmod# ,56.2908
0.9950958688385912,1,GDGPWYYYETIDK,ranknet.rmod# ,179.364
0.9950950608876099,1,DQAVMISGESGAGK,ranknet.rmod# ,90.381
0.9950949165708498,1,LSSDCEDQIR,ranknet.rmod# ,70.4216
0.9950943748813216,1,HNIQALLK,ranknet.rmod# ,77.7675
0.9950942781178688,1,DSSCGTGYELTEDNSCK,ranknet.rmod# ,103.969
0.9950932722577449,1,HYEVEILDAK,ranknet.rmod# ,111.819
0.995093230157481,1,LGVIEDHSNR,ranknet.rmod# ,59.6464
0.995093227233768,1,DELTLEGIK,ranknet.rmod# ,141.622
0.9950929151158885,1,EHFQSYDLDHMEK,ranknet.rmod# ,100.05
0.9950910363647336,1,QDAQDLYEAGEK,ranknet.rmod# ,95.3063
0.9950901405016316,1,DSSTMSHTVAGGGSGDHSHQVR,ranknet.rmod# ,48.1457
0.9950900668758828,1,NYLLQCTR,ranknet.rmod# ,100.177
0.995089745187895,1,TYGGCEGPDAMYVK,ranknet.rmod# ,112.891
0.9950889509134123,1,AAEDSPYWVSPAYSK,ranknet.rmod# ,145.259
0.9950884829943533,1,EGATVYATGTHAQVEDGR,ranknet.rmod# ,79.0576
0.995088448263598,1,ENAEVDGDDDAEEMEAK,ranknet.rmod# ,97.3088
0.995088345566192,1,FEVNPVWK,ranknet.rmod# ,144.322
0.9950882001511171,1,YHTINGHNCEVK,ranknet.rmod# ,42.5207
0.9950880206269221,1,MCVDVNECQR,ranknet.rmod# ,84.2898
0.9950879816057111,1,LEGFHTQISK,ranknet.rmod# ,81.916
0.9950875843147302,1,QHTFVETESVR,ranknet.rmod# ,72.5177
0.9950875166026388,1,HDGAFLIR,ranknet.rmod# ,88.1507
0.9950875054960476,1,EEILAQAK,ranknet.rmod# ,71.5945
0.9950873306713484,1,VTGTLDANR,ranknet.rmod# ,53.0203
0.9950872691217075,1,IVGWYHTGPK,ranknet.rmod# ,89.2121
0.9950870328016719,1,VNEVNQFAAK,ranknet.rmod# ,80.6998
0.9950868817142121,1,QGIETPEDQNDLR,ranknet.rmod# ,99.0695
0.9950862905432242,1,AADPPAENSSAPEAEQGGAE,ranknet.rmod# ,86.0582
0.9950861040258137,1,ESFNPESYELDK,ranknet.rmod# ,142.015
0.9950859500408878,1,SLNSIEFR,ranknet.rmod# ,115.859
0.9950852967565106,1,EEYQQTWYHEGPNSLK,ranknet.rmod# ,121.161
0.995085102159547,1,HFNSMSGPATLR,ranknet.rmod# ,83.5465
0.9950840618996359,1,TAEELMNFSK,ranknet.rmod# ,129.265
0.9950838840044394,1,LNPNLYDNGK,ranknet.rmod# ,90.1796
0.9950838472256015,1,EAIHSQLLEK,ranknet.rmod# ,76.2516
0.9950828792865591,1,NEDVCSCSTDTSEVPR,ranknet.rmod# ,90.7976
0.995082728517219,1,SFENIQNWMK,ranknet.rmod# ,167.604
0.9950824727384381,1,YNLDASEEEDSNK,ranknet.rmod# ,87.3136
0.9950823534312551,1,ETKPEPMEEDLPENK,ranknet.rmod# ,90.3871
0.9950818416224151,1,EHQHEEIQNVR,ranknet.rmod# ,41.0073
0.9950816809600173,1,SCLLHQFTEK,ranknet.rmod# ,99.2286
0.9950811065676493,1,ITNHIHVR,ranknet.rmod# ,39.3009
0.9950807966458799,1,NNSLQTATENTQAR,ranknet.rmod# ,69.8117
0.9950788409602463,1,YEYVLHPR,ranknet.rmod# ,83.949
0.9950783481856846,1,NASDMPETITSR,ranknet.rmod# ,95.8047
0.9950783025064476,1,AMEWITAK,ranknet.rmod# ,124.874
0.9950771722905021,1,APKPDGPGGGPGGSHMGGNYGDDR,ranknet.rmod# ,66.0039
0.995077021920174,1,SQMSGVEAAASDPSEK,ranknet.rmod# ,89.8997
0.9950766781243069,1,ASAAPKPEPVPVQK,ranknet.rmod# ,61.1687
0.9950763502268438,1,MEEESGAPGVPSGNGAPGPK,ranknet.rmod# ,95.7334
0.9950763398691486,1,SADTLWGIQK,ranknet.rmod# ,134.832
0.9950760770402578,1,DYTYEELLNR,ranknet.rmod# ,167.716
0.9950756325895086,1,SGYQDMPEYENFR,ranknet.rmod# ,143.424
0.995075028473099,1,IESLGYNR,ranknet.rmod# ,83.0168
0.9950750243732446,1,ADIDLTK,ranknet.rmod# ,76.4573
0.9950748746186406,1,ELQSVEQEVR,ranknet.rmod# ,93.2435
0.9950746238409907,1,EDLNCQEEEDPMNK,ranknet.rmod# ,98.4789
0.9950746193090295,1,TEVNSGFFYK,ranknet.rmod# ,128.266
0.9950743276976699,1,DMTMFVTASK,ranknet.rmod# ,149.609
0.9950718824816728,1,DLCNTHLMR,ranknet.rmod# ,85.6138
0.9950718697360498,1,AEAGGGWEGSASYK,ranknet.rmod# ,92.85
0.9950705904641797,1,ELTLENSELK,ranknet.rmod# ,118.417
0.9950673781218008,1,AQFVTCGQDK,ranknet.rmod# ,65.6751
0.9950663422436129,1,VYTLSVSGDR,ranknet.rmod# ,105.586
0.9950659584258205,1,LELQGPR,ranknet.rmod# ,80.5612
0.9950655313046425,1,DLEAPEVQESYR,ranknet.rmod# ,126.704
0.9950636327421709,1,GPLMMYISK,ranknet.rmod# ,143.648
0.995063609699795,1,LQDEFENR,ranknet.rmod# ,80.2959
0.9950635431439067,1,TQLYEYLQNR,ranknet.rmod# ,141.612
0.9950629741111389,1,SEDDESGAGELTR,ranknet.rmod# ,74.3346
0.9950600400126564,1,NEEDDMVEMEEER,ranknet.rmod# ,129.636
0.9950590816558191,1,QAGPASVPLR,ranknet.rmod# ,82.3099
0.9950589448515695,1,TATPEIVDNK,ranknet.rmod# ,73.6922
0.9950576120209433,1,DNDFIYHDR,ranknet.rmod# ,92.9643
0.9950570943930905,1,ASESISLK,ranknet.rmod# ,70.4658
0.9950557880140855,1,QQQAATSESSQSEASVR,ranknet.rmod# ,54.337
0.9950552420893987,1,EVDGLDVSK,ranknet.rmod# ,87.3601
0.9950532094465452,1,NFSNMDDEENYSAASK,ranknet.rmod# ,110.904
0.9950531325566399,1,LQEVECEEQR,ranknet.rmod# ,65.291
0.9950517268097049,1,NSWGTGWGENGYFR,ranknet.rmod# ,171.728
0.9950510558687508,1,HGINCFINR,ranknet.rmod# ,84.9151
0.9950509627667242,1,YYIEYMESTR,ranknet.rmod# ,140.138
0.9950509204170793,1,HGVIVAADSR,ranknet.rmod# ,49.6536
0.99505002690501,1,SEGETIMSSSMGK,ranknet.rmod# ,99.7765
0.9950496942986987,1,QDLSAIAR,ranknet.rmod# ,87.1014
0.9950489861424173,1,SAITPGGLR,ranknet.rmod# ,80.1808
0.9950481205130923,1,SMSVYCTPNKPSR,ranknet.rmod# ,72.749
0.995044489459091,1,EEVEDLCR,ranknet.rmod# ,82.0763
0.9950435273218233,1,AISSSAISR,ranknet.rmod# ,60.764
0.9950430106348062,1,QALEQYEEVK,ranknet.rmod# ,97.8151
0.9950419830590927,1,VGQADDSTKPTNK,ranknet.rmod# ,27.2625
0.9950400354821238,1,NAEQAATQLK,ranknet.rmod# ,62.5068
0.9950397999203466,1,DPQALSEHLK,ranknet.rmod# ,79.6107
0.9950395472568968,1,NTDQASMPDNTAAQK,ranknet.rmod# ,63.3644
0.9950347620831712,1,EDSMMEYLK,ranknet.rmod# ,149.844
0.9950335990989141,1,WGTSGLVGR,ranknet.rmod# ,110.14
0.9950331379101203,1,WMIPSEAK,ranknet.rmod# ,126.112
0.9950296435163996,1,TCNCETEDYGEK,ranknet.rmod# ,56.5394
0.9950259704570196,1,HSLDASQGTATGPR,ranknet.rmod# ,50.9122
0.9950250055157418,1,SENENQEQIEESK,ranknet.rmod# ,56.2908
0.9950245682308122,1,VPAQSESVR,ranknet.rmod# ,45.0733
0.9950229463202479,1,ASQLSVQQNK,ranknet.rmod# ,50.7223
0.9950207345672023,1,MEEANIQPNR,ranknet.rmod# ,71.3808
0.99502057485339,1,YIDQEELNK,ranknet.rmod# ,83.0168
0.99501996571224,1,SFQQELDAR,ranknet.rmod# ,99.092
0.9950199266022495,1,GGAGGTDGQGGTFR,ranknet.rmod# ,55.175
0.9950184003025417,1,ISSSSFSR,ranknet.rmod# ,65.7969
0.9950174331028251,1,WDQTADQTPGATPK,ranknet.rmod# ,86.0491
0.995014919197987,1,NTHCSSLPHYQK,ranknet.rmod# ,47.1347
0.9950116331379404,1,EEEEPMDTSSVTHTEHYK,ranknet.rmod# ,83.5465
0.9950108140876581,1,NQCTQVVQER,ranknet.rmod# ,57.3378
0.9950096706213056,1,ITENYDCGTK,ranknet.rmod# ,61.223
0.9950062244070347,1,EEVDQVAR,ranknet.rmod# ,56.1497
0.9950024701575044,1,EEEMGEEEEVER,ranknet.rmod# ,84.7888
0.9950022899950424,1,EQEPMPTVDSHEPR,ranknet.rmod# ,83.5157
0.9950022752674444,1,QQPGPSEHIER,ranknet.rmod# ,50.8698
0.9949980553473836,1,FDAQTGADR,ranknet.rmod# ,55.6178
0.9949963701365446,1,SNCMDCLDR,ranknet.rmod# ,82.8581
0.994992246849309,1,KPNEGADGQWK,ranknet.rmod# ,45.3686
0.9949914799206908,1,YTEQITNEK,ranknet.rmod# ,63.617
0.9949912520357689,1,QGVLTHGR,ranknet.rmod# ,33.5678
0.9949896050228049,1,DLAEDAPWK,ranknet.rmod# ,142.171
0.9949864399689737,1,VVVSHSTHR,ranknet.rmod# ,23.9229
0.9949842829180554,1,NSMPASSFQQQK,ranknet.rmod# ,77.4674
0.9949802063905211,1,NCLNPQFSK,ranknet.rmod# ,84.3665
0.9949801382585792,1,TYEHFNAMGK,ranknet.rmod# ,75.1417
0.9949794493917871,1,IGKPHTVPCK,ranknet.rmod# ,35.7215
0.9949769929992283,1,LSPDGHFGSK,ranknet.rmod# ,60.6235
0.9949741906604079,1,YQVSWSLDHK,ranknet.rmod# ,117.162
0.9949723415716677,1,CQVNSSVEER,ranknet.rmod# ,52.6131
0.9949721792566268,1,INHEGEVNR,ranknet.rmod# ,30.0369
0.9949694870533266,1,SGYLAGDK,ranknet.rmod# ,53.8246
0.9949686644534255,1,YTTPEDATPEPGEDPR,ranknet.rmod# ,99.9513
0.9949643890754399,1,SVNFDMTSK,ranknet.rmod# ,100.453
0.9949637446874182,1,QPEDDLFDR,ranknet.rmod# ,120.723
0.9949614608390956,1,SHGIDLDHNR,ranknet.rmod# ,46.2967
0.9949611993198422,1,TTAAFQQGK,ranknet.rmod# ,46.5045
0.9949600574683163,1,MNEAAEEDR,ranknet.rmod# ,41.8054
0.9949575224689384,1,DAPWTASSSEK,ranknet.rmod# ,90.0943
0.9949558891453953,1,ENVEAAQSYR,ranknet.rmod# ,67.2114
0.9949552296776822,1,DGEEAGAYDGPR,ranknet.rmod# ,80.036
0.9949527287524708,1,QTTITSHFAK,ranknet.rmod# ,63.8537
0.9949506221326213,1,KPSEDEVLNK,ranknet.rmod# ,129.636
0.9949471498799971,1,HGDPGDAAQQEAK,ranknet.rmod# ,36.8394
0.9949405200354478,1,HFELGGDK,ranknet.rmod# ,60.3042
0.9949361065344886,1,TPPSEEDSAEAER,ranknet.rmod# ,57.0081
0.994935223818936,1,EHQEALHQQR,ranknet.rmod# ,25.1767
0.9949266697330388,1,GCTPSGEGADSEPR,ranknet.rmod# ,52.6131
0.994925650168587,1,SQDLHCGACR,ranknet.rmod# ,35.412
0.9949239850792877,1,SITHDIEEK,ranknet.rmod# ,56.828
0.9949204560497821,1,WDHESVCK,ranknet.rmod# ,52.747
0.9949197862938799,1,GQYNTYPIK,ranknet.rmod# ,88.232
0.9949174416057179,1,TEGSDLCDR,ranknet.rmod# ,52.3153
0.9949149085566692,1,LEEPEEPK,ranknet.rmod# ,67.0453
0.9949101739858879,1,EEVAYEER,ranknet.rmod# ,63.5648
0.9948927011676796,1,DLEADEEDTR,ranknet.rmod# ,78.6429
0.9948922259440874,1,QQLTNTEVR,ranknet.rmod# ,59.4696
0.9948873865950285,1,EQEDVASTTR,ranknet.rmod# ,46.0486
0.9948857438342462,1,QNPFWWTHQR,ranknet.rmod# ,136.218
0.9948803325489283,1,NEPQNATGAPGR,ranknet.rmod# ,44.7034
0.9948787334896604,1,NLTQDEMQR,ranknet.rmod# ,70.6061
0.9948780527451745,1,EDTEEYNLR,ranknet.rmod# ,85.6724
0.9948556273960714,1,ETPSSANGPSR,ranknet.rmod# ,36.2167
0.9948474333227918,1,EEGGFEYK,ranknet.rmod# ,79.6419
0.9948440373825957,1,DACDGHEIGR,ranknet.rmod# ,47.927
0.9948377588503057,1,DETNYGIPQR,ranknet.rmod# ,102.839
0.9948216074364309,1,SDGSAPSTSTASSK,ranknet.rmod# ,33.9895
0.9948155501306225,1,NHAAPFSK,ranknet.rmod# ,38.0036
0.9948139029477318,1,TQEGSLSAR,ranknet.rmod# ,43.7798
0.9948036175667854,1,HDDYFQER,ranknet.rmod# ,69.9874
0.9948015088902148,1,DCMSEQQAR,ranknet.rmod# ,46.1316
0.9947964751666714,1,ENASQCFEK,ranknet.rmod# ,57.0735
0.9947847891376013,1,HYGEHVCTAK,ranknet.rmod# ,31.1687
0.9947655426363883,1,HHEEEIVHHK,ranknet.rmod# ,23.0816
0.9947631197651928,1,YSYNTEWR,ranknet.rmod# ,110.14
0.9947582796763296,1,HVTNPAFTK,ranknet.rmod# ,50.383
0.9947265299524214,1,GYHQYAYDGK,ranknet.rmod# ,59.6325
0.994721182426635,1,NEQESAVHPR,ranknet.rmod# ,33.2139
0.9947151139089342,1,EAAEQDVEK,ranknet.rmod# ,39.3582
0.9947101784677149,1,QSGQTDPLQK,ranknet.rmod# ,56.1141
0.9945046936083534,1,YCDPDSYHR,ranknet.rmod# ,58.8595
0.99446451828132,1,HNQLQDGHER,ranknet.rmod# ,25.7336
0.994289243673958,1,NRPEDYQGGR,ranknet.rmod# ,36.9872
